================================================================================
显著性候选框评分排名
================================================================================


图片: A01.jpg
--------------------------------------------------
   1. score=0.5820  bbox=(332,2,485,70)
   2. score=0.5766  bbox=(274,2,427,70)
   3. score=0.5696  bbox=(220,0,373,68)
   4. score=0.5503  bbox=(382,3,535,71)
   5. score=0.5361  bbox=(307,0,498,85)
   6. score=0.5328  bbox=(269,0,460,85)
   7. score=0.5223  bbox=(173,3,326,71)
   8. score=0.5208  bbox=(116,0,269,68)
   9. score=0.5150  bbox=(211,0,402,85)
  10. score=0.5098  bbox=(333,22,486,90)
  11. score=0.5078  bbox=(3,0,156,68)
  12. score=0.5057  bbox=(452,1,605,69)
  13. score=0.4993  bbox=(48,1,201,69)
  14. score=0.4925  bbox=(4,96,157,164)
  15. score=0.4889  bbox=(373,2,564,87)
  16. score=0.4887  bbox=(287,2,516,104)
  17. score=0.4846  bbox=(253,5,482,107)
  18. score=0.4798  bbox=(612,0,765,68)
  19. score=0.4766  bbox=(1,274,154,342)
  20. score=0.4760  bbox=(164,3,355,88)
  21. score=0.4739  bbox=(3,126,156,194)
  22. score=0.4731  bbox=(46,0,237,85)
  23. score=0.4729  bbox=(195,4,424,106)
  24. score=0.4693  bbox=(8,0,199,85)
  25. score=0.4693  bbox=(243,0,510,119)
  26. score=0.4690  bbox=(334,0,563,102)
  27. score=0.4682  bbox=(276,27,429,95)
  28. score=0.4618  bbox=(497,3,650,71)
  29. score=0.4616  bbox=(97,3,288,88)
  30. score=0.4612  bbox=(383,22,536,90)
  31. score=0.4610  bbox=(425,2,616,87)
  32. score=0.4607  bbox=(50,272,203,340)
  33. score=0.4604  bbox=(321,21,512,106)
  34. score=0.4588  bbox=(142,0,371,102)
  35. score=0.4585  bbox=(561,0,714,68)
  36. score=0.4564  bbox=(139,0,406,119)
  37. score=0.4561  bbox=(193,3,460,122)
  38. score=0.4542  bbox=(51,99,204,167)
  39. score=0.4513  bbox=(217,22,408,107)
  40. score=0.4503  bbox=(0,72,153,140)
  41. score=0.4501  bbox=(90,0,357,119)
  42. score=0.4496  bbox=(4,256,195,341)
  43. score=0.4457  bbox=(1,113,192,198)
  44. score=0.4457  bbox=(60,0,327,119)
  45. score=0.4452  bbox=(244,18,473,120)
  46. score=0.4436  bbox=(44,0,350,136)
  47. score=0.4434  bbox=(104,0,410,136)
  48. score=0.4432  bbox=(14,0,320,136)
  49. score=0.4425  bbox=(205,16,434,118)
  50. score=0.4418  bbox=(218,26,371,94)
  51. score=0.4411  bbox=(5,0,272,119)
  52. score=0.4405  bbox=(103,4,332,106)
  53. score=0.4405  bbox=(253,27,444,112)
  54. score=0.4400  bbox=(310,5,577,124)
  55. score=0.4399  bbox=(338,2,605,121)
  56. score=0.4381  bbox=(0,89,191,174)
  57. score=0.4369  bbox=(291,21,520,123)
  58. score=0.4363  bbox=(59,1,288,103)
  59. score=0.4345  bbox=(390,1,619,103)
  60. score=0.4324  bbox=(574,0,765,85)
  61. score=0.4321  bbox=(467,0,658,85)
  62. score=0.4313  bbox=(0,247,153,315)
  63. score=0.4304  bbox=(262,0,568,136)
  64. score=0.4302  bbox=(0,236,191,321)
  65. score=0.4298  bbox=(0,3,229,105)
  66. score=0.4297  bbox=(241,1,547,137)
  67. score=0.4294  bbox=(136,2,442,138)
  68. score=0.4283  bbox=(53,248,206,316)
  69. score=0.4279  bbox=(0,26,153,94)
  70. score=0.4264  bbox=(0,69,191,154)
  71. score=0.4243  bbox=(7,238,236,340)
  72. score=0.4234  bbox=(57,256,248,341)
  73. score=0.4215  bbox=(178,5,484,141)
  74. score=0.4215  bbox=(0,0,382,171)
  75. score=0.4201  bbox=(105,21,258,89)
  76. score=0.4200  bbox=(373,19,564,104)
  77. score=0.4171  bbox=(0,213,191,298)
  78. score=0.4162  bbox=(42,20,309,139)
  79. score=0.4158  bbox=(87,17,354,136)
  80. score=0.4149  bbox=(56,74,209,142)
  81. score=0.4135  bbox=(145,21,374,123)
  82. score=0.4133  bbox=(0,107,229,209)
  83. score=0.4129  bbox=(330,47,483,115)
  84. score=0.4126  bbox=(2,25,269,144)
  85. score=0.4120  bbox=(334,23,563,125)
  86. score=0.4118  bbox=(10,26,239,128)
  87. score=0.4112  bbox=(253,18,520,137)
  88. score=0.4110  bbox=(37,3,419,174)
  89. score=0.4107  bbox=(52,22,281,124)
  90. score=0.4103  bbox=(0,221,153,289)
  91. score=0.4101  bbox=(2,223,231,325)
  92. score=0.4090  bbox=(50,16,356,152)
  93. score=0.4084  bbox=(96,23,325,125)
  94. score=0.4081  bbox=(313,5,619,141)
  95. score=0.4078  bbox=(528,0,719,85)
  96. score=0.4069  bbox=(151,22,342,107)
  97. score=0.4044  bbox=(57,123,210,191)
  98. score=0.4041  bbox=(164,25,317,93)
  99. score=0.4039  bbox=(51,26,204,94)
  100. score=0.4036  bbox=(103,15,409,151)
  101. score=0.4018  bbox=(7,150,160,218)
  102. score=0.4016  bbox=(48,233,239,318)
  103. score=0.4014  bbox=(112,20,303,105)
  104. score=0.4005  bbox=(10,223,277,342)
  105. score=0.4004  bbox=(363,0,669,136)
  106. score=0.3993  bbox=(0,25,306,161)
  107. score=0.3992  bbox=(0,190,191,275)
  108. score=0.3977  bbox=(114,274,267,342)
  109. score=0.3970  bbox=(46,89,237,174)
  110. score=0.3970  bbox=(0,196,153,264)
  111. score=0.3969  bbox=(9,22,200,107)
  112. score=0.3966  bbox=(58,240,287,342)
  113. score=0.3962  bbox=(447,0,676,102)
  114. score=0.3959  bbox=(59,224,212,292)
  115. score=0.3951  bbox=(56,24,247,109)
  116. score=0.3945  bbox=(8,43,237,145)
  117. score=0.3943  bbox=(0,198,229,300)
  118. score=0.3939  bbox=(411,4,678,123)
  119. score=0.3935  bbox=(0,125,229,227)
  120. score=0.3921  bbox=(0,166,191,251)
  121. score=0.3917  bbox=(536,0,765,102)
  122. score=0.3915  bbox=(0,175,153,243)
  123. score=0.3913  bbox=(10,86,239,188)
  124. score=0.3912  bbox=(0,43,191,128)
  125. score=0.3891  bbox=(7,139,198,224)
  126. score=0.3891  bbox=(437,2,704,121)
  127. score=0.3888  bbox=(400,19,629,121)
  128. score=0.3883  bbox=(198,24,465,143)
  129. score=0.3873  bbox=(0,63,229,165)
  130. score=0.3870  bbox=(108,252,261,320)
  131. score=0.3849  bbox=(44,40,273,142)
  132. score=0.3846  bbox=(60,197,213,265)
  133. score=0.3843  bbox=(148,24,415,143)
  134. score=0.3835  bbox=(106,7,488,178)
  135. score=0.3835  bbox=(41,220,270,322)
  136. score=0.3832  bbox=(450,23,603,91)
  137. score=0.3832  bbox=(44,106,273,208)
  138. score=0.3823  bbox=(47,212,238,297)
  139. score=0.3821  bbox=(43,18,425,189)
  140. score=0.3820  bbox=(179,0,561,171)
  141. score=0.3820  bbox=(402,0,708,136)
  142. score=0.3820  bbox=(217,42,408,127)
  143. score=0.3817  bbox=(104,257,295,342)
  144. score=0.3817  bbox=(48,177,201,245)
  145. score=0.3807  bbox=(225,0,607,171)
  146. score=0.3807  bbox=(486,0,715,102)
  147. score=0.3800  bbox=(283,52,436,120)
  148. score=0.3796  bbox=(0,36,306,172)
  149. score=0.3788  bbox=(137,19,443,155)
  150. score=0.3786  bbox=(55,117,246,202)
  151. score=0.3786  bbox=(4,178,233,280)
  152. score=0.3780  bbox=(0,196,267,315)
  153. score=0.3779  bbox=(488,1,755,120)
  154. score=0.3773  bbox=(357,21,624,140)
  155. score=0.3772  bbox=(312,46,503,131)
  156. score=0.3765  bbox=(56,48,247,133)
  157. score=0.3761  bbox=(459,0,765,136)
  158. score=0.3760  bbox=(3,44,270,163)
  159. score=0.3759  bbox=(412,22,603,107)
  160. score=0.3748  bbox=(0,150,229,252)
  161. score=0.3748  bbox=(40,88,269,190)
  162. score=0.3743  bbox=(60,152,213,220)
  163. score=0.3737  bbox=(0,89,267,208)
  164. score=0.3709  bbox=(9,113,276,232)
  165. score=0.3698  bbox=(217,22,523,158)
  166. score=0.3697  bbox=(291,0,673,171)
  167. score=0.3697  bbox=(11,201,317,337)
  168. score=0.3697  bbox=(57,66,248,151)
  169. score=0.3695  bbox=(0,69,267,188)
  170. score=0.3690  bbox=(303,27,570,146)
  171. score=0.3673  bbox=(88,239,317,341)
  172. score=0.3669  bbox=(46,139,237,224)
  173. score=0.3669  bbox=(427,22,656,124)
  174. score=0.3662  bbox=(19,31,401,202)
  175. score=0.3660  bbox=(58,223,325,342)
  176. score=0.3658  bbox=(0,47,153,115)
  177. score=0.3655  bbox=(49,162,240,247)
  178. score=0.3653  bbox=(103,236,294,321)
  179. score=0.3649  bbox=(308,20,614,156)
  180. score=0.3648  bbox=(246,40,475,142)
  181. score=0.3644  bbox=(0,176,267,295)
  182. score=0.3642  bbox=(105,225,258,293)
  183. score=0.3630  bbox=(359,43,550,128)
  184. score=0.3629  bbox=(0,108,306,244)
  185. score=0.3626  bbox=(40,198,269,300)
  186. score=0.3621  bbox=(183,25,489,161)
  187. score=0.3615  bbox=(0,132,267,251)
  188. score=0.3610  bbox=(219,51,372,119)
  189. score=0.3590  bbox=(0,182,306,318)
  190. score=0.3575  bbox=(403,17,670,136)
  191. score=0.3565  bbox=(287,24,593,160)
  192. score=0.3562  bbox=(293,42,522,144)
  193. score=0.3558  bbox=(60,189,251,274)
  194. score=0.3558  bbox=(257,50,448,135)
  195. score=0.3554  bbox=(356,17,662,153)
  196. score=0.3548  bbox=(0,154,267,273)
  197. score=0.3542  bbox=(383,0,765,171)
  198. score=0.3540  bbox=(4,88,310,224)
  199. score=0.3531  bbox=(58,51,211,119)
  200. score=0.3530  bbox=(46,206,352,342)
  201. score=0.3529  bbox=(0,121,306,257)
  202. score=0.3528  bbox=(343,3,725,174)
  203. score=0.3523  bbox=(152,39,381,141)
  204. score=0.3519  bbox=(45,46,351,182)
  205. score=0.3518  bbox=(608,25,761,93)
  206. score=0.3517  bbox=(109,77,262,145)
  207. score=0.3514  bbox=(392,47,545,115)
  208. score=0.3514  bbox=(0,65,306,201)
  209. score=0.3512  bbox=(59,46,326,165)
  210. score=0.3498  bbox=(44,70,311,189)
  211. score=0.3496  bbox=(96,50,287,135)
  212. score=0.3487  bbox=(2,164,308,300)
  213. score=0.3483  bbox=(45,195,312,314)
  214. score=0.3474  bbox=(57,60,286,162)
  215. score=0.3459  bbox=(95,212,286,297)
  216. score=0.3442  bbox=(108,26,490,197)
  217. score=0.3438  bbox=(0,171,382,342)
  218. score=0.3437  bbox=(207,17,589,188)
  219. score=0.3437  bbox=(164,272,317,340)
  220. score=0.3436  bbox=(0,47,382,218)
  221. score=0.3431  bbox=(109,100,262,168)

图片: A02.jpg
--------------------------------------------------
   1. score=0.4894  bbox=(470,257,588,345)
   2. score=0.4857  bbox=(426,254,544,342)
   3. score=0.4795  bbox=(444,244,591,354)
   4. score=0.4779  bbox=(472,289,590,377)
   5. score=0.4682  bbox=(444,269,591,379)
   6. score=0.4626  bbox=(435,294,553,382)
   7. score=0.4403  bbox=(406,243,553,353)
   8. score=0.4387  bbox=(432,229,550,317)
   9. score=0.4343  bbox=(406,269,553,379)
  10. score=0.4281  bbox=(411,223,588,355)
  11. score=0.4271  bbox=(473,228,591,316)
  12. score=0.4268  bbox=(444,298,591,408)
  13. score=0.4249  bbox=(444,209,591,319)
  14. score=0.4193  bbox=(412,259,589,391)
  15. score=0.4172  bbox=(90,95,208,183)
  16. score=0.4144  bbox=(387,260,505,348)
  17. score=0.4134  bbox=(468,326,586,414)
  18. score=0.4110  bbox=(89,32,207,120)
  19. score=0.4092  bbox=(414,280,591,412)
  20. score=0.4079  bbox=(134,29,252,117)
  21. score=0.4012  bbox=(409,202,586,334)
  22. score=0.4009  bbox=(170,35,288,123)
  23. score=0.4004  bbox=(444,183,591,293)
  24. score=0.3989  bbox=(472,195,590,283)
  25. score=0.3975  bbox=(388,293,506,381)
  26. score=0.3949  bbox=(73,32,220,142)
  27. score=0.3948  bbox=(425,319,543,407)
  28. score=0.3945  bbox=(91,65,209,153)
  29. score=0.3943  bbox=(82,64,229,174)
  30. score=0.3933  bbox=(39,65,186,175)
  31. score=0.3918  bbox=(122,55,269,165)
  32. score=0.3911  bbox=(44,97,162,185)
  33. score=0.3906  bbox=(133,62,251,150)
  34. score=0.3896  bbox=(82,57,259,189)
  35. score=0.3892  bbox=(74,86,221,196)
  36. score=0.3878  bbox=(123,35,270,145)
  37. score=0.3875  bbox=(38,62,156,150)
  38. score=0.3872  bbox=(380,259,557,391)
  39. score=0.3863  bbox=(42,53,219,185)
  40. score=0.3854  bbox=(173,67,291,155)
  41. score=0.3850  bbox=(405,306,552,416)
  42. score=0.3849  bbox=(377,223,554,355)
  43. score=0.3846  bbox=(414,311,591,443)
  44. score=0.3840  bbox=(42,26,189,136)
  45. score=0.3830  bbox=(116,61,293,193)
  46. score=0.3813  bbox=(45,32,163,120)
  47. score=0.3808  bbox=(81,24,258,156)
  48. score=0.3806  bbox=(32,34,209,166)
  49. score=0.3800  bbox=(108,25,285,157)
  50. score=0.3795  bbox=(379,230,585,385)
  51. score=0.3793  bbox=(399,212,546,322)
  52. score=0.3792  bbox=(219,61,337,149)
  53. score=0.3787  bbox=(378,204,584,359)
  54. score=0.3774  bbox=(383,287,589,442)
  55. score=0.3771  bbox=(442,153,589,263)
  56. score=0.3770  bbox=(132,95,250,183)
  57. score=0.3761  bbox=(384,260,590,415)
  58. score=0.3753  bbox=(164,29,311,139)
  59. score=0.3743  bbox=(375,280,552,412)
  60. score=0.3741  bbox=(1,53,178,185)
  61. score=0.3737  bbox=(472,164,590,252)
  62. score=0.3736  bbox=(255,68,373,156)
  63. score=0.3734  bbox=(42,94,189,204)
  64. score=0.3713  bbox=(37,28,243,183)
  65. score=0.3708  bbox=(69,24,275,179)
  66. score=0.3694  bbox=(83,0,260,132)
  67. score=0.3694  bbox=(441,333,588,443)
  68. score=0.3688  bbox=(82,125,200,213)
  69. score=0.3681  bbox=(362,268,509,378)
  70. score=0.3674  bbox=(220,34,338,122)
  71. score=0.3673  bbox=(106,0,283,132)
  72. score=0.3672  bbox=(202,55,349,165)
  73. score=0.3666  bbox=(151,34,328,166)
  74. score=0.3649  bbox=(428,190,546,278)
  75. score=0.3649  bbox=(0,32,177,164)
  76. score=0.3644  bbox=(124,93,271,203)
  77. score=0.3643  bbox=(124,32,330,187)
  78. score=0.3639  bbox=(1,63,148,173)
  79. score=0.3635  bbox=(0,63,118,151)
  80. score=0.3618  bbox=(125,0,272,110)
  81. score=0.3616  bbox=(162,62,309,172)
  82. score=0.3610  bbox=(379,311,556,443)
  83. score=0.3605  bbox=(78,0,225,110)
  84. score=0.3583  bbox=(157,5,304,115)
  85. score=0.3577  bbox=(412,168,589,300)
  86. score=0.3576  bbox=(0,25,206,180)
  87. score=0.3570  bbox=(70,58,276,213)
  88. score=0.3569  bbox=(108,62,314,217)
  89. score=0.3568  bbox=(108,89,285,221)
  90. score=0.3561  bbox=(355,262,591,439)
  91. score=0.3556  bbox=(29,6,206,138)
  92. score=0.3553  bbox=(2,32,149,142)
  93. score=0.3548  bbox=(43,57,249,212)
  94. score=0.3544  bbox=(142,0,319,132)
  95. score=0.3538  bbox=(85,0,291,155)
  96. score=0.3525  bbox=(105,30,341,207)
  97. score=0.3515  bbox=(355,218,591,395)
  98. score=0.3513  bbox=(154,56,331,188)
  99. score=0.3506  bbox=(444,126,591,236)
  100. score=0.3505  bbox=(355,244,591,421)
  101. score=0.3503  bbox=(468,355,586,443)
  102. score=0.3503  bbox=(64,34,300,211)
  103. score=0.3502  bbox=(75,90,252,222)
  104. score=0.3501  bbox=(287,56,434,166)
  105. score=0.3498  bbox=(305,61,423,149)
  106. score=0.3498  bbox=(257,36,375,124)
  107. score=0.3497  bbox=(134,0,252,88)
  108. score=0.3496  bbox=(28,2,234,157)
  109. score=0.3488  bbox=(208,27,355,137)
  110. score=0.3488  bbox=(41,33,277,210)
  111. score=0.3484  bbox=(351,182,587,359)
  112. score=0.3481  bbox=(351,253,557,408)
  113. score=0.3481  bbox=(378,172,584,327)
  114. score=0.3481  bbox=(28,6,264,183)
  115. score=0.3479  bbox=(249,61,396,171)
  116. score=0.3475  bbox=(359,242,506,352)
  117. score=0.3473  bbox=(193,24,370,156)
  118. score=0.3472  bbox=(124,0,330,155)
  119. score=0.3472  bbox=(468,131,586,219)
  120. score=0.3458  bbox=(413,136,590,268)
  121. score=0.3457  bbox=(75,0,311,177)
  122. score=0.3454  bbox=(87,0,205,88)
  123. score=0.3443  bbox=(0,55,206,210)
  124. score=0.3436  bbox=(151,25,357,180)
  125. score=0.3428  bbox=(4,7,240,184)
  126. score=0.3423  bbox=(115,0,351,177)
  127. score=0.3421  bbox=(219,34,396,166)
  128. score=0.3415  bbox=(0,80,177,212)
  129. score=0.3411  bbox=(345,230,551,385)
  130. score=0.3409  bbox=(34,90,211,222)
  131. score=0.3393  bbox=(366,302,513,412)
  132. score=0.3390  bbox=(78,55,314,232)
  133. score=0.3389  bbox=(0,32,236,209)
  134. score=0.3379  bbox=(158,85,305,195)
  135. score=0.3379  bbox=(336,288,542,443)
  136. score=0.3378  bbox=(392,227,510,315)
  137. score=0.3374  bbox=(42,0,189,110)
  138. score=0.3367  bbox=(81,119,228,229)
  139. score=0.3365  bbox=(400,333,547,443)
  140. score=0.3364  bbox=(153,0,359,155)
  141. score=0.3364  bbox=(429,164,547,252)
  142. score=0.3358  bbox=(431,127,549,215)
  143. score=0.3354  bbox=(247,33,394,143)
  144. score=0.3352  bbox=(404,178,551,288)
  145. score=0.3352  bbox=(0,85,147,195)
  146. score=0.3349  bbox=(320,65,467,175)
  147. score=0.3347  bbox=(340,208,546,363)
  148. score=0.3344  bbox=(105,60,341,237)
  149. score=0.3340  bbox=(0,0,206,155)
  150. score=0.3338  bbox=(35,55,271,232)
  151. score=0.3328  bbox=(0,32,118,120)
  152. score=0.3324  bbox=(368,192,545,324)
  153. score=0.3323  bbox=(91,160,209,248)
  154. score=0.3314  bbox=(180,0,357,132)
  155. score=0.3314  bbox=(131,0,367,177)
  156. score=0.3312  bbox=(6,49,242,226)
  157. score=0.3311  bbox=(346,61,464,149)
  158. score=0.3311  bbox=(141,19,377,196)
  159. score=0.3310  bbox=(258,31,435,163)
  160. score=0.3308  bbox=(194,52,371,184)
  161. score=0.3302  bbox=(341,232,518,364)
  162. score=0.3300  bbox=(328,260,564,437)
  163. score=0.3298  bbox=(407,150,554,260)
  164. score=0.3282  bbox=(38,81,244,236)
  165. score=0.3281  bbox=(2,0,179,132)
  166. score=0.3267  bbox=(126,132,244,220)
  167. score=0.3267  bbox=(377,140,583,295)
  168. score=0.3267  bbox=(428,353,546,441)
  169. score=0.3266  bbox=(347,154,583,331)
  170. score=0.3260  bbox=(80,88,286,243)
  171. score=0.3259  bbox=(110,108,287,240)
  172. score=0.3259  bbox=(111,89,317,244)
  173. score=0.3256  bbox=(190,6,396,161)
  174. score=0.3250  bbox=(414,111,591,243)
  175. score=0.3250  bbox=(41,121,188,231)
  176. score=0.3249  bbox=(338,253,515,385)
  177. score=0.3242  bbox=(342,95,460,183)
  178. score=0.3234  bbox=(169,96,287,184)
  179. score=0.3234  bbox=(149,85,326,217)
  180. score=0.3232  bbox=(153,61,359,216)
  181. score=0.3226  bbox=(176,1,294,89)
  182. score=0.3223  bbox=(353,140,589,317)
  183. score=0.3222  bbox=(383,170,560,302)
  184. score=0.3222  bbox=(338,285,515,417)
  185. score=0.3221  bbox=(385,68,503,156)
  186. score=0.3218  bbox=(186,22,392,177)
  187. score=0.3212  bbox=(327,238,563,415)
  188. score=0.3208  bbox=(338,311,515,443)
  189. score=0.3204  bbox=(327,214,563,391)
  190. score=0.3204  bbox=(42,127,160,215)
  191. score=0.3199  bbox=(195,0,342,110)
  192. score=0.3194  bbox=(255,54,432,186)
  193. score=0.3193  bbox=(218,62,395,194)
  194. score=0.3190  bbox=(444,94,591,204)
  195. score=0.3189  bbox=(384,99,502,187)
  196. score=0.3188  bbox=(432,94,550,182)
  197. score=0.3187  bbox=(112,72,348,249)
  198. score=0.3186  bbox=(362,64,509,174)
  199. score=0.3177  bbox=(118,126,265,236)
  200. score=0.3167  bbox=(72,10,367,231)
  201. score=0.3164  bbox=(55,0,350,221)
  202. score=0.3163  bbox=(366,216,513,326)
  203. score=0.3159  bbox=(296,56,473,188)
  204. score=0.3158  bbox=(401,122,548,232)
  205. score=0.3157  bbox=(0,93,118,181)
  206. score=0.3157  bbox=(296,31,414,119)
  207. score=0.3155  bbox=(406,91,553,201)
  208. score=0.3147  bbox=(385,114,591,269)
  209. score=0.3142  bbox=(140,56,376,233)
  210. score=0.3140  bbox=(383,145,560,277)
  211. score=0.3135  bbox=(323,178,559,355)
  212. score=0.3133  bbox=(382,319,500,407)
  213. score=0.3131  bbox=(0,83,206,238)
  214. score=0.3131  bbox=(342,287,460,375)
  215. score=0.3127  bbox=(14,2,309,223)
  216. score=0.3125  bbox=(254,96,372,184)
  217. score=0.3117  bbox=(279,27,426,137)
  218. score=0.3104  bbox=(183,52,389,207)
  219. score=0.3103  bbox=(306,29,483,161)
  220. score=0.3096  bbox=(315,288,521,443)
  221. score=0.3095  bbox=(344,173,550,328)

图片: A03.jpg
--------------------------------------------------
   1. score=0.8389  bbox=(212,0,330,88)
   2. score=0.8359  bbox=(176,1,294,89)
   3. score=0.8204  bbox=(134,0,252,88)
   4. score=0.8193  bbox=(260,0,378,88)
   5. score=0.7686  bbox=(300,0,418,88)
   6. score=0.7423  bbox=(87,0,205,88)
   7. score=0.7296  bbox=(195,0,342,110)
   8. score=0.7120  bbox=(125,0,272,110)
   9. score=0.7072  bbox=(236,0,383,110)
  10. score=0.7047  bbox=(157,5,304,115)
  11. score=0.6643  bbox=(345,1,463,89)
  12. score=0.6580  bbox=(78,0,225,110)
  13. score=0.6536  bbox=(288,0,435,110)
  14. score=0.6514  bbox=(180,0,357,132)
  15. score=0.6455  bbox=(142,0,319,132)
  16. score=0.6341  bbox=(134,29,252,117)
  17. score=0.6298  bbox=(44,0,162,88)
  18. score=0.6192  bbox=(224,4,401,136)
  19. score=0.6157  bbox=(106,0,283,132)
  20. score=0.6092  bbox=(260,0,437,132)
  21. score=0.6077  bbox=(319,0,466,110)
  22. score=0.6043  bbox=(220,34,338,122)
  23. score=0.5987  bbox=(153,0,359,155)
  24. score=0.5978  bbox=(170,35,288,123)
  25. score=0.5962  bbox=(83,0,260,132)
  26. score=0.5920  bbox=(42,0,189,110)
  27. score=0.5887  bbox=(299,355,417,443)
  28. score=0.5875  bbox=(89,32,207,120)
  29. score=0.5872  bbox=(124,0,330,155)
  30. score=0.5831  bbox=(468,355,586,443)
  31. score=0.5791  bbox=(131,0,367,177)
  32. score=0.5781  bbox=(257,36,375,124)
  33. score=0.5775  bbox=(254,355,372,443)
  34. score=0.5741  bbox=(115,0,351,177)
  35. score=0.5709  bbox=(190,6,396,161)
  36. score=0.5708  bbox=(208,27,355,137)
  37. score=0.5683  bbox=(385,0,503,88)
  38. score=0.5672  bbox=(428,353,546,441)
  39. score=0.5662  bbox=(223,2,429,157)
  40. score=0.5643  bbox=(173,6,409,183)
  41. score=0.5619  bbox=(5,0,123,88)
  42. score=0.5617  bbox=(303,0,480,132)
  43. score=0.5599  bbox=(164,29,311,139)
  44. score=0.5596  bbox=(296,31,414,119)
  45. score=0.5567  bbox=(85,0,291,155)
  46. score=0.5532  bbox=(75,0,311,177)
  47. score=0.5531  bbox=(382,355,500,443)
  48. score=0.5441  bbox=(208,4,444,181)
  49. score=0.5420  bbox=(45,32,163,120)
  50. score=0.5412  bbox=(340,355,458,443)
  51. score=0.5407  bbox=(400,333,547,443)
  52. score=0.5392  bbox=(193,24,370,156)
  53. score=0.5363  bbox=(279,27,426,137)
  54. score=0.5363  bbox=(441,333,588,443)
  55. score=0.5358  bbox=(186,22,392,177)
  56. score=0.5340  bbox=(247,33,394,143)
  57. score=0.5333  bbox=(151,25,357,180)
  58. score=0.5265  bbox=(141,19,377,196)
  59. score=0.5254  bbox=(275,3,481,158)
  60. score=0.5237  bbox=(468,326,586,414)
  61. score=0.5237  bbox=(337,0,514,132)
  62. score=0.5218  bbox=(430,0,548,88)
  63. score=0.5210  bbox=(0,0,147,110)
  64. score=0.5193  bbox=(281,333,428,443)
  65. score=0.5137  bbox=(123,35,270,145)
  66. score=0.5133  bbox=(29,6,206,138)
  67. score=0.5132  bbox=(362,4,509,114)
  68. score=0.5122  bbox=(365,333,512,443)
  69. score=0.5118  bbox=(414,311,591,443)
  70. score=0.5109  bbox=(124,32,330,187)
  71. score=0.5105  bbox=(28,6,264,183)
  72. score=0.5104  bbox=(326,333,473,443)
  73. score=0.5096  bbox=(73,32,220,142)
  74. score=0.5095  bbox=(108,25,285,157)
  75. score=0.5075  bbox=(425,319,543,407)
  76. score=0.5059  bbox=(69,24,275,179)
  77. score=0.5056  bbox=(379,311,556,443)
  78. score=0.5046  bbox=(151,34,328,166)
  79. score=0.5046  bbox=(256,3,492,180)
  80. score=0.5035  bbox=(81,24,258,156)
  81. score=0.5034  bbox=(28,2,234,157)
  82. score=0.5019  bbox=(368,2,545,134)
  83. score=0.5009  bbox=(0,32,118,120)
  84. score=0.5002  bbox=(406,0,553,110)
  85. score=0.5002  bbox=(42,26,189,136)
  86. score=0.5001  bbox=(279,0,515,177)
  87. score=0.4984  bbox=(405,306,552,416)
  88. score=0.4974  bbox=(55,0,350,221)
  89. score=0.4968  bbox=(216,353,334,441)
  90. score=0.4963  bbox=(2,0,179,132)
  91. score=0.4960  bbox=(163,0,458,221)
  92. score=0.4955  bbox=(4,7,240,184)
  93. score=0.4945  bbox=(219,34,396,166)
  94. score=0.4936  bbox=(338,311,515,443)
  95. score=0.4932  bbox=(311,4,517,159)
  96. score=0.4907  bbox=(247,333,394,443)
  97. score=0.4900  bbox=(382,319,500,407)
  98. score=0.4895  bbox=(414,0,591,132)
  99. score=0.4893  bbox=(37,28,243,183)
  100. score=0.4890  bbox=(194,52,371,184)
  101. score=0.4888  bbox=(349,0,555,155)
  102. score=0.4874  bbox=(138,6,433,227)
  103. score=0.4864  bbox=(473,3,591,91)
  104. score=0.4841  bbox=(308,0,544,177)
  105. score=0.4839  bbox=(0,0,206,155)
  106. score=0.4821  bbox=(105,30,341,207)
  107. score=0.4820  bbox=(186,26,422,203)
  108. score=0.4805  bbox=(444,298,591,408)
  109. score=0.4804  bbox=(444,0,591,110)
  110. score=0.4780  bbox=(301,310,478,442)
  111. score=0.4772  bbox=(154,56,331,188)
  112. score=0.4771  bbox=(217,21,453,198)
  113. score=0.4766  bbox=(222,35,428,190)
  114. score=0.4762  bbox=(258,31,435,163)
  115. score=0.4743  bbox=(72,10,367,231)
  116. score=0.4738  bbox=(299,326,417,414)
  117. score=0.4724  bbox=(0,25,206,180)
  118. score=0.4716  bbox=(383,287,589,442)
  119. score=0.4697  bbox=(14,2,309,223)
  120. score=0.4683  bbox=(271,311,448,443)
  121. score=0.4681  bbox=(202,55,349,165)
  122. score=0.4632  bbox=(219,61,337,149)
  123. score=0.4627  bbox=(32,34,209,166)
  124. score=0.4618  bbox=(336,288,542,443)
  125. score=0.4616  bbox=(315,288,521,443)
  126. score=0.4612  bbox=(327,29,474,139)
  127. score=0.4610  bbox=(201,2,496,223)
  128. score=0.4606  bbox=(366,302,513,412)
  129. score=0.4589  bbox=(339,323,457,411)
  130. score=0.4579  bbox=(385,5,591,160)
  131. score=0.4553  bbox=(64,34,300,211)
  132. score=0.4529  bbox=(255,54,432,186)
  133. score=0.4512  bbox=(249,61,396,171)
  134. score=0.4503  bbox=(42,53,219,185)
  135. score=0.4501  bbox=(183,52,389,207)
  136. score=0.4501  bbox=(2,32,149,142)
  137. score=0.4492  bbox=(305,61,423,149)
  138. score=0.4483  bbox=(41,33,277,210)
  139. score=0.4475  bbox=(218,62,395,194)
  140. score=0.4460  bbox=(197,333,344,443)
  141. score=0.4446  bbox=(414,280,591,412)
  142. score=0.4441  bbox=(162,62,309,172)
  143. score=0.4437  bbox=(346,36,464,124)
  144. score=0.4419  bbox=(472,289,590,377)
  145. score=0.4417  bbox=(244,24,480,201)
  146. score=0.4414  bbox=(258,0,553,221)
  147. score=0.4410  bbox=(0,32,177,164)
  148. score=0.4398  bbox=(355,6,591,183)
  149. score=0.4387  bbox=(1,53,178,185)
  150. score=0.4378  bbox=(82,57,259,189)
  151. score=0.4372  bbox=(0,32,236,209)
  152. score=0.4361  bbox=(306,29,483,161)
  153. score=0.4361  bbox=(116,61,293,193)
  154. score=0.4360  bbox=(122,55,269,165)
  155. score=0.4358  bbox=(287,56,434,166)
  156. score=0.4348  bbox=(435,294,553,382)
  157. score=0.4343  bbox=(338,285,515,417)
  158. score=0.4336  bbox=(375,280,552,412)
  159. score=0.4317  bbox=(220,311,397,443)
  160. score=0.4317  bbox=(321,302,468,412)
  161. score=0.4288  bbox=(273,35,479,190)
  162. score=0.4272  bbox=(133,62,251,150)
  163. score=0.4251  bbox=(364,26,511,136)
  164. score=0.4233  bbox=(264,286,470,441)
  165. score=0.4223  bbox=(355,262,591,439)
  166. score=0.4214  bbox=(153,61,359,216)
  167. score=0.4205  bbox=(306,287,483,419)
  168. score=0.4202  bbox=(313,25,519,180)
  169. score=0.4198  bbox=(255,68,373,156)
  170. score=0.4181  bbox=(374,23,551,155)
  171. score=0.4179  bbox=(328,260,564,437)
  172. score=0.4171  bbox=(82,64,229,174)
  173. score=0.4169  bbox=(275,266,511,443)
  174. score=0.4151  bbox=(39,65,186,175)
  175. score=0.4149  bbox=(296,3,591,224)
  176. score=0.4129  bbox=(226,288,432,443)
  177. score=0.4122  bbox=(384,260,590,415)
  178. score=0.4122  bbox=(6,23,301,244)
  179. score=0.4120  bbox=(180,53,416,230)
  180. score=0.4109  bbox=(1,63,148,173)
  181. score=0.4101  bbox=(285,300,432,410)
  182. score=0.4099  bbox=(140,56,376,233)
  183. score=0.4096  bbox=(43,57,249,212)
  184. score=0.4070  bbox=(70,58,276,213)
  185. score=0.4066  bbox=(108,62,314,217)
  186. score=0.4060  bbox=(441,29,588,139)
  187. score=0.4055  bbox=(38,62,156,150)
  188. score=0.4048  bbox=(338,29,515,161)
  189. score=0.4040  bbox=(173,67,291,155)
  190. score=0.4039  bbox=(181,310,358,442)
  191. score=0.4036  bbox=(0,55,206,210)
  192. score=0.4022  bbox=(346,61,464,149)
  193. score=0.4020  bbox=(407,29,554,139)
  194. score=0.4015  bbox=(296,56,473,188)
  195. score=0.4000  bbox=(78,55,314,232)
  196. score=0.3990  bbox=(0,63,118,151)
  197. score=0.3986  bbox=(388,293,506,381)
  198. score=0.3981  bbox=(325,21,561,198)
  199. score=0.3977  bbox=(260,318,378,406)
  200. score=0.3967  bbox=(444,269,591,379)
  201. score=0.3959  bbox=(6,49,242,226)
  202. score=0.3928  bbox=(91,65,209,153)
  203. score=0.3903  bbox=(290,29,526,206)
  204. score=0.3901  bbox=(105,60,341,237)
  205. score=0.3899  bbox=(298,262,504,417)
  206. score=0.3896  bbox=(250,263,486,440)
  207. score=0.3885  bbox=(267,52,473,207)
  208. score=0.3881  bbox=(35,55,271,232)
  209. score=0.3878  bbox=(473,31,591,119)
  210. score=0.3877  bbox=(234,61,440,216)
  211. score=0.3875  bbox=(342,29,548,184)
  212. score=0.3862  bbox=(428,31,546,119)
  213. score=0.3857  bbox=(412,259,589,391)
  214. score=0.3843  bbox=(118,38,413,259)
  215. score=0.3837  bbox=(213,23,508,244)
  216. score=0.3836  bbox=(406,269,553,379)
  217. score=0.3834  bbox=(197,288,403,443)
  218. score=0.3815  bbox=(473,60,591,148)
  219. score=0.3814  bbox=(320,65,467,175)
  220. score=0.3809  bbox=(247,303,394,413)
  221. score=0.3807  bbox=(351,253,557,408)

图片: A04.jpg
--------------------------------------------------
   1. score=0.6727  bbox=(443,109,579,185)
   2. score=0.6570  bbox=(392,115,528,191)
   3. score=0.6283  bbox=(0,221,136,297)
   4. score=0.6118  bbox=(341,114,477,190)
   5. score=0.6073  bbox=(3,196,139,272)
   6. score=0.5898  bbox=(502,114,638,190)
   7. score=0.5816  bbox=(413,78,583,174)
   8. score=0.5761  bbox=(369,78,539,174)
   9. score=0.5732  bbox=(365,101,535,197)
  10. score=0.5693  bbox=(426,104,596,200)
  11. score=0.5654  bbox=(0,250,136,326)
  12. score=0.5594  bbox=(393,85,529,161)
  13. score=0.5477  bbox=(294,110,430,186)
  14. score=0.5383  bbox=(452,83,588,159)
  15. score=0.5383  bbox=(390,71,594,186)
  16. score=0.5375  bbox=(332,103,502,199)
  17. score=0.5350  bbox=(352,71,556,186)
  18. score=0.5320  bbox=(345,85,481,161)
  19. score=0.5319  bbox=(0,179,170,275)
  20. score=0.5291  bbox=(329,74,499,170)
  21. score=0.5252  bbox=(4,210,174,306)
  22. score=0.5203  bbox=(471,77,641,173)
  23. score=0.5183  bbox=(540,109,676,185)
  24. score=0.5174  bbox=(473,107,643,203)
  25. score=0.5138  bbox=(98,85,234,161)
  26. score=0.5138  bbox=(493,85,629,161)
  27. score=0.5124  bbox=(427,76,631,191)
  28. score=0.5070  bbox=(393,95,597,210)
  29. score=0.5048  bbox=(0,234,170,330)
  30. score=0.4973  bbox=(98,59,234,135)
  31. score=0.4964  bbox=(302,77,506,192)
  32. score=0.4951  bbox=(348,96,552,211)
  33. score=0.4940  bbox=(401,139,537,215)
  34. score=0.4937  bbox=(441,227,577,303)
  35. score=0.4930  bbox=(275,74,445,170)
  36. score=0.4908  bbox=(363,56,601,190)
  37. score=0.4901  bbox=(443,141,579,217)
  38. score=0.4898  bbox=(0,30,136,106)
  39. score=0.4897  bbox=(352,137,488,213)
  40. score=0.4890  bbox=(55,194,191,270)
  41. score=0.4868  bbox=(511,102,681,198)
  42. score=0.4867  bbox=(2,165,138,241)
  43. score=0.4833  bbox=(429,95,633,210)
  44. score=0.4825  bbox=(268,68,472,183)
  45. score=0.4814  bbox=(297,83,433,159)
  46. score=0.4811  bbox=(336,118,608,271)
  47. score=0.4802  bbox=(54,57,190,133)
  48. score=0.4795  bbox=(512,80,682,176)
  49. score=0.4773  bbox=(280,105,450,201)
  50. score=0.4732  bbox=(361,111,633,264)
  51. score=0.4705  bbox=(396,50,634,184)
  52. score=0.4702  bbox=(45,49,215,145)
  53. score=0.4698  bbox=(312,44,550,178)
  54. score=0.4696  bbox=(478,72,682,187)
  55. score=0.4694  bbox=(361,119,599,253)
  56. score=0.4692  bbox=(311,99,515,214)
  57. score=0.4670  bbox=(310,53,514,168)
  58. score=0.4665  bbox=(405,121,643,255)
  59. score=0.4665  bbox=(54,30,190,106)
  60. score=0.4663  bbox=(400,115,672,268)
  61. score=0.4663  bbox=(399,146,603,261)
  62. score=0.4638  bbox=(423,131,593,227)
  63. score=0.4629  bbox=(351,80,589,214)
  64. score=0.4619  bbox=(54,224,190,300)
  65. score=0.4614  bbox=(154,83,290,159)
  66. score=0.4607  bbox=(239,78,409,174)
  67. score=0.4603  bbox=(314,129,552,263)
  68. score=0.4599  bbox=(377,131,547,227)
  69. score=0.4597  bbox=(100,50,270,146)
  70. score=0.4588  bbox=(462,127,632,223)
  71. score=0.4566  bbox=(0,29,170,125)
  72. score=0.4566  bbox=(46,29,216,125)
  73. score=0.4564  bbox=(91,78,261,174)
  74. score=0.4560  bbox=(265,50,503,184)
  75. score=0.4556  bbox=(390,127,594,242)
  76. score=0.4554  bbox=(297,108,569,261)
  77. score=0.4542  bbox=(0,3,170,99)
  78. score=0.4539  bbox=(6,197,210,312)
  79. score=0.4539  bbox=(444,127,682,261)
  80. score=0.4523  bbox=(356,145,560,260)
  81. score=0.4521  bbox=(4,0,140,76)
  82. score=0.4520  bbox=(10,170,214,285)
  83. score=0.4519  bbox=(49,82,185,158)
  84. score=0.4518  bbox=(305,77,543,211)
  85. score=0.4516  bbox=(6,153,176,249)
  86. score=0.4515  bbox=(341,133,613,286)
  87. score=0.4515  bbox=(403,76,641,210)
  88. score=0.4505  bbox=(43,171,179,247)
  89. score=0.4496  bbox=(501,138,637,214)
  90. score=0.4480  bbox=(245,113,381,189)
  91. score=0.4479  bbox=(432,150,636,265)
  92. score=0.4476  bbox=(245,121,517,274)
  93. score=0.4475  bbox=(500,223,636,299)
  94. score=0.4455  bbox=(50,44,254,159)
  95. score=0.4452  bbox=(277,76,515,210)
  96. score=0.4449  bbox=(334,43,606,196)
  97. score=0.4445  bbox=(51,186,221,282)
  98. score=0.4441  bbox=(132,49,302,145)
  99. score=0.4438  bbox=(400,147,638,281)
  100. score=0.4435  bbox=(442,53,680,187)
  101. score=0.4432  bbox=(261,100,465,215)
  102. score=0.4427  bbox=(360,40,632,193)
  103. score=0.4423  bbox=(120,49,324,164)
  104. score=0.4422  bbox=(144,82,314,178)
  105. score=0.4419  bbox=(0,281,136,357)
  106. score=0.4409  bbox=(202,82,338,158)
  107. score=0.4395  bbox=(472,102,676,217)
  108. score=0.4391  bbox=(347,121,551,236)
  109. score=0.4389  bbox=(399,133,671,286)
  110. score=0.4384  bbox=(76,48,280,163)
  111. score=0.4377  bbox=(338,97,610,250)
  112. score=0.4377  bbox=(546,82,682,158)
  113. score=0.4377  bbox=(349,98,587,232)
  114. score=0.4376  bbox=(226,84,567,276)
  115. score=0.4370  bbox=(0,26,204,141)
  116. score=0.4369  bbox=(43,24,247,139)
  117. score=0.4366  bbox=(361,150,599,284)
  118. score=0.4365  bbox=(52,82,222,178)
  119. score=0.4361  bbox=(347,45,551,160)
  120. score=0.4358  bbox=(367,27,639,180)
  121. score=0.4356  bbox=(298,89,639,281)
  122. score=0.4355  bbox=(430,48,634,163)
  123. score=0.4354  bbox=(430,124,634,239)
  124. score=0.4348  bbox=(0,144,204,259)
  125. score=0.4347  bbox=(282,39,554,192)
  126. score=0.4343  bbox=(7,4,211,119)
  127. score=0.4343  bbox=(381,44,585,159)
  128. score=0.4340  bbox=(267,131,505,265)
  129. score=0.4337  bbox=(5,51,175,147)
  130. score=0.4336  bbox=(248,132,520,285)
  131. score=0.4334  bbox=(152,54,288,130)
  132. score=0.4334  bbox=(0,54,136,130)
  133. score=0.4328  bbox=(185,79,355,175)
  134. score=0.4325  bbox=(212,77,416,192)
  135. score=0.4324  bbox=(180,68,384,183)
  136. score=0.4322  bbox=(464,234,634,330)
  137. score=0.4317  bbox=(229,44,467,178)
  138. score=0.4309  bbox=(246,81,382,157)
  139. score=0.4308  bbox=(295,22,567,175)
  140. score=0.4307  bbox=(0,177,238,311)
  141. score=0.4300  bbox=(85,74,289,189)
  142. score=0.4296  bbox=(299,140,435,216)
  143. score=0.4282  bbox=(407,97,679,250)
  144. score=0.4281  bbox=(395,101,633,235)
  145. score=0.4280  bbox=(335,19,607,172)
  146. score=0.4275  bbox=(341,87,682,279)
  147. score=0.4275  bbox=(206,112,478,265)
  148. score=0.4272  bbox=(0,147,238,281)
  149. score=0.4267  bbox=(9,51,213,166)
  150. score=0.4263  bbox=(97,115,233,191)
  151. score=0.4254  bbox=(10,218,214,333)
  152. score=0.4253  bbox=(295,97,567,250)
  153. score=0.4249  bbox=(444,79,682,213)
  154. score=0.4242  bbox=(178,48,416,182)
  155. score=0.4240  bbox=(226,93,430,208)
  156. score=0.4235  bbox=(190,91,531,283)
  157. score=0.4235  bbox=(94,28,264,124)
  158. score=0.4229  bbox=(293,142,565,295)
  159. score=0.4228  bbox=(4,20,242,154)
  160. score=0.4227  bbox=(281,114,622,306)
  161. score=0.4223  bbox=(328,102,669,294)
  162. score=0.4221  bbox=(0,260,170,356)
  163. score=0.4220  bbox=(77,50,315,184)
  164. score=0.4218  bbox=(34,128,272,262)
  165. score=0.4218  bbox=(128,50,366,184)
  166. score=0.4216  bbox=(393,223,529,299)
  167. score=0.4209  bbox=(272,144,510,278)
  168. score=0.4205  bbox=(344,29,582,163)
  169. score=0.4204  bbox=(410,43,682,196)
  170. score=0.4204  bbox=(242,26,514,179)
  171. score=0.4201  bbox=(91,100,261,196)
  172. score=0.4200  bbox=(0,87,341,279)
  173. score=0.4198  bbox=(138,77,342,192)
  174. score=0.4195  bbox=(216,76,454,210)
  175. score=0.4195  bbox=(47,26,285,160)
  176. score=0.4191  bbox=(360,143,632,296)
  177. score=0.4188  bbox=(444,149,682,283)
  178. score=0.4184  bbox=(9,122,281,275)
  179. score=0.4184  bbox=(310,103,548,237)
  180. score=0.4184  bbox=(38,77,379,269)
  181. score=0.4183  bbox=(468,150,672,265)
  182. score=0.4181  bbox=(336,74,608,227)
  183. score=0.4181  bbox=(120,93,324,208)
  184. score=0.4177  bbox=(0,0,238,134)
  185. score=0.4176  bbox=(88,26,292,141)
  186. score=0.4174  bbox=(365,67,637,220)
  187. score=0.4174  bbox=(37,70,241,185)
  188. score=0.4172  bbox=(246,50,518,203)
  189. score=0.4171  bbox=(7,123,245,257)
  190. score=0.4167  bbox=(451,196,587,272)
  191. score=0.4165  bbox=(312,145,516,260)
  192. score=0.4165  bbox=(379,91,651,244)
  193. score=0.4165  bbox=(42,108,314,261)
  194. score=0.4163  bbox=(196,198,332,274)
  195. score=0.4159  bbox=(241,118,582,310)
  196. score=0.4154  bbox=(91,80,329,214)
  197. score=0.4153  bbox=(323,133,493,229)
  198. score=0.4149  bbox=(225,101,395,197)
  199. score=0.4146  bbox=(44,99,316,252)
  200. score=0.4145  bbox=(504,127,674,223)
  201. score=0.4144  bbox=(0,62,341,254)
  202. score=0.4140  bbox=(35,147,239,262)
  203. score=0.4135  bbox=(53,208,223,304)
  204. score=0.4135  bbox=(207,30,479,183)
  205. score=0.4134  bbox=(292,75,564,228)
  206. score=0.4130  bbox=(213,131,485,284)
  207. score=0.4129  bbox=(42,63,314,216)
  208. score=0.4127  bbox=(225,123,463,257)
  209. score=0.4126  bbox=(410,23,682,176)
  210. score=0.4125  bbox=(12,137,284,290)
  211. score=0.4124  bbox=(182,77,420,211)
  212. score=0.4123  bbox=(42,53,280,187)
  213. score=0.4122  bbox=(269,44,473,159)
  214. score=0.4122  bbox=(45,155,215,251)
  215. score=0.4120  bbox=(143,115,279,191)
  216. score=0.4119  bbox=(308,123,512,238)
  217. score=0.4118  bbox=(2,203,240,337)
  218. score=0.4117  bbox=(10,92,282,245)
  219. score=0.4117  bbox=(46,171,250,286)
  220. score=0.4117  bbox=(79,21,317,155)
  221. score=0.4116  bbox=(4,142,140,218)

图片: A05.jpg
--------------------------------------------------
   1. score=0.6135  bbox=(231,211,356,294)
   2. score=0.6019  bbox=(222,180,347,263)
   3. score=0.5859  bbox=(273,211,398,294)
   4. score=0.5781  bbox=(173,174,329,278)
   5. score=0.5764  bbox=(179,185,304,268)
   6. score=0.5751  bbox=(210,166,366,270)
   7. score=0.5696  bbox=(207,204,363,308)
   8. score=0.5648  bbox=(268,182,393,265)
   9. score=0.5601  bbox=(182,216,307,299)
  10. score=0.5499  bbox=(154,164,341,289)
  11. score=0.5439  bbox=(156,181,343,306)
  12. score=0.5438  bbox=(202,159,389,284)
  13. score=0.5421  bbox=(167,204,323,308)
  14. score=0.5378  bbox=(258,202,414,306)
  15. score=0.5311  bbox=(207,191,394,316)
  16. score=0.5267  bbox=(185,153,310,236)
  17. score=0.5254  bbox=(274,239,399,322)
  18. score=0.5224  bbox=(212,227,368,331)
  19. score=0.5169  bbox=(156,168,375,314)
  20. score=0.5109  bbox=(262,171,418,275)
  21. score=0.5101  bbox=(233,148,358,231)
  22. score=0.5094  bbox=(233,245,358,328)
  23. score=0.5047  bbox=(214,144,370,248)
  24. score=0.4996  bbox=(162,138,349,263)
  25. score=0.4988  bbox=(127,157,346,303)
  26. score=0.4978  bbox=(202,165,421,311)
  27. score=0.4938  bbox=(139,180,264,263)
  28. score=0.4938  bbox=(129,197,285,301)
  29. score=0.4920  bbox=(242,162,429,287)
  30. score=0.4915  bbox=(170,187,389,333)
  31. score=0.4898  bbox=(118,165,305,290)
  32. score=0.4857  bbox=(153,131,372,277)
  33. score=0.4842  bbox=(138,212,263,295)
  34. score=0.4841  bbox=(230,208,417,333)
  35. score=0.4823  bbox=(201,131,388,256)
  36. score=0.4822  bbox=(171,137,327,241)
  37. score=0.4809  bbox=(207,219,394,344)
  38. score=0.4804  bbox=(122,167,278,271)
  39. score=0.4797  bbox=(248,190,435,315)
  40. score=0.4783  bbox=(164,225,320,329)
  41. score=0.4778  bbox=(163,213,350,338)
  42. score=0.4772  bbox=(251,229,407,333)
  43. score=0.4748  bbox=(142,158,392,325)
  44. score=0.4712  bbox=(212,183,431,329)
  45. score=0.4710  bbox=(4,0,129,83)
  46. score=0.4669  bbox=(117,190,304,315)
  47. score=0.4657  bbox=(178,243,303,326)
  48. score=0.4616  bbox=(116,139,335,285)
  49. score=0.4587  bbox=(211,135,430,281)
  50. score=0.4577  bbox=(156,177,406,344)
  51. score=0.4557  bbox=(117,132,367,299)
  52. score=0.4552  bbox=(186,154,436,321)
  53. score=0.4538  bbox=(111,152,361,319)
  54. score=0.4531  bbox=(153,118,403,285)
  55. score=0.4487  bbox=(501,0,626,83)
  56. score=0.4451  bbox=(130,146,286,250)
  57. score=0.4443  bbox=(170,111,389,257)
  58. score=0.4439  bbox=(125,134,312,259)
  59. score=0.4412  bbox=(141,149,266,232)
  60. score=0.4407  bbox=(117,179,367,346)
  61. score=0.4406  bbox=(501,217,626,300)
  62. score=0.4395  bbox=(319,209,444,292)
  63. score=0.4391  bbox=(112,192,331,338)
  64. score=0.4390  bbox=(279,153,404,236)
  65. score=0.4369  bbox=(172,119,328,223)
  66. score=0.4365  bbox=(206,251,362,355)
  67. score=0.4359  bbox=(154,213,373,359)
  68. score=0.4350  bbox=(270,164,457,289)
  69. score=0.4331  bbox=(186,182,436,349)
  70. score=0.4313  bbox=(257,137,413,241)
  71. score=0.4299  bbox=(212,221,431,367)
  72. score=0.4270  bbox=(501,278,626,361)
  73. score=0.4254  bbox=(197,240,384,365)
  74. score=0.4253  bbox=(196,119,446,286)
  75. score=0.4244  bbox=(87,165,306,311)
  76. score=0.4214  bbox=(193,193,443,360)
  77. score=0.4210  bbox=(243,183,462,329)
  78. score=0.4199  bbox=(177,120,302,203)
  79. score=0.4198  bbox=(312,183,437,266)
  80. score=0.4187  bbox=(141,206,391,373)
  81. score=0.4183  bbox=(121,112,340,258)
  82. score=0.4170  bbox=(129,227,285,331)
  83. score=0.4164  bbox=(253,163,472,309)
  84. score=0.4161  bbox=(89,141,308,287)
  85. score=0.4150  bbox=(150,96,400,263)
  86. score=0.4147  bbox=(496,239,621,322)
  87. score=0.4134  bbox=(247,127,434,252)
  88. score=0.4134  bbox=(216,113,372,217)
  89. score=0.4132  bbox=(313,244,438,327)
  90. score=0.4109  bbox=(306,197,462,301)
  91. score=0.4106  bbox=(223,143,473,310)
  92. score=0.4086  bbox=(104,106,354,273)
  93. score=0.4083  bbox=(243,235,430,360)
  94. score=0.4072  bbox=(86,160,273,285)
  95. score=0.4061  bbox=(501,334,626,417)
  96. score=0.4056  bbox=(195,219,445,386)
  97. score=0.4055  bbox=(118,219,305,344)
  98. score=0.4052  bbox=(213,118,463,285)
  99. score=0.4051  bbox=(224,205,474,372)
  100. score=0.4050  bbox=(132,246,257,329)
  101. score=0.4046  bbox=(114,202,364,369)
  102. score=0.4046  bbox=(228,118,353,201)
  103. score=0.4044  bbox=(247,136,466,282)
  104. score=0.4043  bbox=(154,103,341,228)
  105. score=0.4042  bbox=(222,178,472,345)
  106. score=0.4025  bbox=(195,104,445,271)
  107. score=0.4019  bbox=(495,301,620,384)
  108. score=0.4019  bbox=(160,241,347,366)
  109. score=0.4016  bbox=(207,105,426,251)
  110. score=0.4013  bbox=(251,251,407,355)
  111. score=0.4010  bbox=(287,180,474,305)
  112. score=0.4010  bbox=(75,148,325,315)
  113. score=0.4001  bbox=(241,214,460,360)
  114. score=0.3993  bbox=(281,210,468,335)
  115. score=0.3982  bbox=(0,1,156,105)
  116. score=0.3982  bbox=(121,217,340,363)
  117. score=0.3956  bbox=(205,100,392,225)
  118. score=0.3938  bbox=(272,245,459,370)
  119. score=0.3932  bbox=(123,121,436,330)
  120. score=0.3930  bbox=(77,121,327,288)
  121. score=0.3928  bbox=(217,224,467,391)
  122. score=0.3927  bbox=(45,0,170,83)
  123. score=0.3921  bbox=(301,168,457,272)
  124. score=0.3917  bbox=(133,150,446,359)
  125. score=0.3912  bbox=(167,252,323,356)
  126. score=0.3907  bbox=(126,96,439,305)
  127. score=0.3906  bbox=(86,199,242,303)
  128. score=0.3905  bbox=(305,225,461,329)
  129. score=0.3904  bbox=(80,184,299,330)
  130. score=0.3904  bbox=(100,123,413,332)
  131. score=0.3902  bbox=(82,183,332,350)
  132. score=0.3891  bbox=(96,210,221,293)
  133. score=0.3877  bbox=(87,175,243,279)
  134. score=0.3865  bbox=(103,148,416,357)
  135. score=0.3846  bbox=(164,180,477,389)
  136. score=0.3833  bbox=(234,109,421,234)
  137. score=0.3826  bbox=(498,179,623,262)
  138. score=0.3825  bbox=(466,286,622,390)
  139. score=0.3825  bbox=(140,186,453,395)
  140. score=0.3820  bbox=(230,271,355,354)
  141. score=0.3809  bbox=(160,79,410,246)
  142. score=0.3794  bbox=(86,196,336,363)
  143. score=0.3790  bbox=(470,253,626,357)
  144. score=0.3784  bbox=(76,99,389,308)
  145. score=0.3773  bbox=(470,314,626,418)
  146. score=0.3760  bbox=(94,181,219,264)
  147. score=0.3755  bbox=(196,249,415,395)
  148. score=0.3752  bbox=(469,0,625,104)
  149. score=0.3751  bbox=(214,172,527,381)
  150. score=0.3741  bbox=(278,274,403,357)
  151. score=0.3737  bbox=(94,182,407,391)
  152. score=0.3726  bbox=(272,134,459,259)
  153. score=0.3721  bbox=(118,82,368,249)
  154. score=0.3718  bbox=(468,200,624,304)
  155. score=0.3715  bbox=(275,239,494,385)
  156. score=0.3705  bbox=(140,121,265,204)
  157. score=0.3705  bbox=(115,111,302,236)
  158. score=0.3698  bbox=(438,269,625,394)
  159. score=0.3696  bbox=(155,245,374,391)
  160. score=0.3686  bbox=(184,77,434,244)
  161. score=0.3684  bbox=(182,122,495,331)
  162. score=0.3681  bbox=(278,170,497,316)
  163. score=0.3677  bbox=(55,129,368,338)
  164. score=0.3673  bbox=(188,0,313,83)
  165. score=0.3670  bbox=(167,75,386,221)
  166. score=0.3666  bbox=(141,233,391,400)
  167. score=0.3666  bbox=(126,240,313,365)
  168. score=0.3661  bbox=(71,188,258,313)
  169. score=0.3657  bbox=(121,116,277,220)
  170. score=0.3652  bbox=(59,150,372,359)
  171. score=0.3650  bbox=(244,262,431,387)
  172. score=0.3650  bbox=(470,227,626,331)
  173. score=0.3644  bbox=(243,248,462,394)
  174. score=0.3643  bbox=(189,94,502,303)
  175. score=0.3642  bbox=(78,99,328,266)
  176. score=0.3639  bbox=(193,147,506,356)
  177. score=0.3638  bbox=(207,88,426,234)
  178. score=0.3636  bbox=(302,186,615,395)
  179. score=0.3634  bbox=(259,171,572,380)
  180. score=0.3631  bbox=(81,69,394,278)
  181. score=0.3627  bbox=(92,227,248,331)
  182. score=0.3623  bbox=(315,300,440,383)
  183. score=0.3598  bbox=(47,147,297,314)
  184. score=0.3593  bbox=(364,305,489,388)
  185. score=0.3592  bbox=(47,91,360,300)
  186. score=0.3590  bbox=(97,0,222,83)
  187. score=0.3588  bbox=(278,211,497,357)
  188. score=0.3587  bbox=(407,250,626,396)
  189. score=0.3583  bbox=(197,264,384,389)
  190. score=0.3581  bbox=(438,238,625,363)
  191. score=0.3580  bbox=(106,224,356,391)
  192. score=0.3579  bbox=(122,52,435,261)
  193. score=0.3577  bbox=(239,101,458,247)
  194. score=0.3575  bbox=(306,204,619,413)
  195. score=0.3569  bbox=(235,101,485,268)
  196. score=0.3569  bbox=(265,226,515,393)
  197. score=0.3567  bbox=(438,293,625,418)
  198. score=0.3550  bbox=(0,3,187,128)
  199. score=0.3544  bbox=(258,131,508,298)
  200. score=0.3541  bbox=(282,196,501,342)
  201. score=0.3537  bbox=(134,3,259,86)
  202. score=0.3530  bbox=(372,232,622,399)
  203. score=0.3526  bbox=(45,124,295,291)
  204. score=0.3526  bbox=(209,90,365,194)
  205. score=0.3520  bbox=(306,286,462,390)
  206. score=0.3520  bbox=(232,2,357,85)
  207. score=0.3519  bbox=(161,57,411,224)
  208. score=0.3518  bbox=(220,147,533,356)
  209. score=0.3517  bbox=(132,209,445,418)
  210. score=0.3516  bbox=(406,304,531,387)
  211. score=0.3515  bbox=(407,265,626,411)
  212. score=0.3514  bbox=(304,253,460,357)
  213. score=0.3514  bbox=(265,175,515,342)
  214. score=0.3508  bbox=(272,192,522,359)
  215. score=0.3504  bbox=(35,4,191,108)
  216. score=0.3500  bbox=(275,0,400,83)
  217. score=0.3497  bbox=(271,272,458,397)
  218. score=0.3493  bbox=(127,244,346,390)
  219. score=0.3491  bbox=(86,105,305,251)
  220. score=0.3482  bbox=(306,203,556,370)
  221. score=0.3481  bbox=(346,220,596,387)

图片: A06.jpg
--------------------------------------------------
   1. score=0.7820  bbox=(322,0,447,83)
   2. score=0.7742  bbox=(406,29,531,112)
   3. score=0.7739  bbox=(359,3,484,86)
   4. score=0.7505  bbox=(359,34,484,117)
   5. score=0.7416  bbox=(345,0,501,104)
   6. score=0.7415  bbox=(451,33,576,116)
   7. score=0.7383  bbox=(387,26,543,130)
   8. score=0.7303  bbox=(346,29,502,133)
   9. score=0.7302  bbox=(380,0,536,104)
  10. score=0.7268  bbox=(404,61,529,144)
  11. score=0.7208  bbox=(452,4,577,87)
  12. score=0.7204  bbox=(410,0,535,83)
  13. score=0.7204  bbox=(426,28,582,132)
  14. score=0.7167  bbox=(306,0,462,104)
  15. score=0.7141  bbox=(362,0,549,125)
  16. score=0.7138  bbox=(421,4,577,108)
  17. score=0.7052  bbox=(322,34,447,117)
  18. score=0.7037  bbox=(316,0,503,125)
  19. score=0.6988  bbox=(275,0,400,83)
  20. score=0.6982  bbox=(356,21,543,146)
  21. score=0.6924  bbox=(403,1,590,126)
  22. score=0.6864  bbox=(501,0,626,83)
  23. score=0.6852  bbox=(370,58,495,141)
  24. score=0.6808  bbox=(393,26,580,151)
  25. score=0.6730  bbox=(498,29,623,112)
  26. score=0.6730  bbox=(314,23,501,148)
  27. score=0.6729  bbox=(333,7,552,153)
  28. score=0.6690  bbox=(364,0,583,146)
  29. score=0.6680  bbox=(469,0,625,104)
  30. score=0.6626  bbox=(452,63,577,146)
  31. score=0.6593  bbox=(282,0,469,125)
  32. score=0.6592  bbox=(431,57,587,161)
  33. score=0.6577  bbox=(383,57,539,161)
  34. score=0.6546  bbox=(432,24,619,149)
  35. score=0.6506  bbox=(439,0,626,125)
  36. score=0.6480  bbox=(470,28,626,132)
  37. score=0.6457  bbox=(358,23,577,169)
  38. score=0.6369  bbox=(324,27,543,173)
  39. score=0.6361  bbox=(407,6,626,152)
  40. score=0.6360  bbox=(295,33,451,137)
  41. score=0.6320  bbox=(326,4,576,171)
  42. score=0.6277  bbox=(407,21,626,167)
  43. score=0.6249  bbox=(281,7,500,153)
  44. score=0.6168  bbox=(334,17,584,184)
  45. score=0.6137  bbox=(275,26,400,109)
  46. score=0.6125  bbox=(346,62,502,166)
  47. score=0.6122  bbox=(401,57,588,182)
  48. score=0.6118  bbox=(290,6,540,173)
  49. score=0.6092  bbox=(0,178,125,261)
  50. score=0.6089  bbox=(373,6,623,173)
  51. score=0.6074  bbox=(368,58,555,183)
  52. score=0.6046  bbox=(251,2,407,106)
  53. score=0.5991  bbox=(269,0,519,167)
  54. score=0.5947  bbox=(299,26,549,193)
  55. score=0.5943  bbox=(0,154,125,237)
  56. score=0.5927  bbox=(403,95,528,178)
  57. score=0.5924  bbox=(321,59,446,142)
  58. score=0.5920  bbox=(439,50,626,175)
  59. score=0.5912  bbox=(41,181,166,264)
  60. score=0.5892  bbox=(0,173,156,277)
  61. score=0.5885  bbox=(365,28,615,195)
  62. score=0.5845  bbox=(276,27,463,152)
  63. score=0.5814  bbox=(0,143,156,247)
  64. score=0.5745  bbox=(282,32,501,178)
  65. score=0.5741  bbox=(240,0,459,146)
  66. score=0.5741  bbox=(0,212,125,295)
  67. score=0.5732  bbox=(344,43,594,210)
  68. score=0.5727  bbox=(314,54,501,179)
  69. score=0.5697  bbox=(470,57,626,161)
  70. score=0.5680  bbox=(37,166,193,270)
  71. score=0.5673  bbox=(407,52,626,198)
  72. score=0.5671  bbox=(4,139,191,264)
  73. score=0.5671  bbox=(426,89,582,193)
  74. score=0.5670  bbox=(374,56,593,202)
  75. score=0.5668  bbox=(381,81,537,185)
  76. score=0.5636  bbox=(44,152,169,235)
  77. score=0.5633  bbox=(230,0,417,125)
  78. score=0.5629  bbox=(318,54,537,200)
  79. score=0.5617  bbox=(414,178,539,261)
  80. score=0.5613  bbox=(94,181,219,264)
  81. score=0.5601  bbox=(0,200,156,304)
  82. score=0.5597  bbox=(9,162,196,287)
  83. score=0.5585  bbox=(452,118,577,201)
  84. score=0.5576  bbox=(43,145,199,249)
  85. score=0.5567  bbox=(4,125,129,208)
  86. score=0.5553  bbox=(304,8,617,217)
  87. score=0.5543  bbox=(255,0,568,209)
  88. score=0.5516  bbox=(30,153,217,278)
  89. score=0.5509  bbox=(0,115,156,219)
  90. score=0.5507  bbox=(357,74,544,199)
  91. score=0.5506  bbox=(256,22,506,189)
  92. score=0.5503  bbox=(406,210,531,293)
  93. score=0.5484  bbox=(0,140,219,286)
  94. score=0.5480  bbox=(376,46,626,213)
  95. score=0.5470  bbox=(1,187,188,312)
  96. score=0.5460  bbox=(232,2,357,85)
  97. score=0.5453  bbox=(257,29,413,133)
  98. score=0.5452  bbox=(406,120,531,203)
  99. score=0.5449  bbox=(7,113,226,259)
  100. score=0.5445  bbox=(36,129,223,254)
  101. score=0.5440  bbox=(461,93,586,176)
  102. score=0.5419  bbox=(404,84,591,209)
  103. score=0.5406  bbox=(95,153,220,236)
  104. score=0.5405  bbox=(0,103,187,228)
  105. score=0.5401  bbox=(428,110,584,214)
  106. score=0.5397  bbox=(220,0,470,167)
  107. score=0.5389  bbox=(308,55,558,222)
  108. score=0.5375  bbox=(51,214,176,297)
  109. score=0.5368  bbox=(43,195,199,299)
  110. score=0.5360  bbox=(222,0,535,209)
  111. score=0.5347  bbox=(5,166,224,312)
  112. score=0.5332  bbox=(84,147,240,251)
  113. score=0.5320  bbox=(0,30,125,113)
  114. score=0.5305  bbox=(87,175,243,279)
  115. score=0.5302  bbox=(304,26,617,235)
  116. score=0.5297  bbox=(450,154,575,237)
  117. score=0.5289  bbox=(4,92,254,259)
  118. score=0.5289  bbox=(139,180,264,263)
  119. score=0.5261  bbox=(4,0,129,83)
  120. score=0.5258  bbox=(294,56,513,202)
  121. score=0.5256  bbox=(389,113,545,217)
  122. score=0.5248  bbox=(37,187,224,312)
  123. score=0.5247  bbox=(347,83,503,187)
  124. score=0.5238  bbox=(1,143,251,310)
  125. score=0.5237  bbox=(3,81,222,227)
  126. score=0.5232  bbox=(0,88,125,171)
  127. score=0.5228  bbox=(44,116,200,220)
  128. score=0.5223  bbox=(212,5,431,151)
  129. score=0.5217  bbox=(385,172,541,276)
  130. score=0.5217  bbox=(361,217,486,300)
  131. score=0.5212  bbox=(43,112,262,258)
  132. score=0.5210  bbox=(4,231,160,335)
  133. score=0.5209  bbox=(0,77,187,202)
  134. score=0.5203  bbox=(9,131,259,298)
  135. score=0.5200  bbox=(387,202,543,306)
  136. score=0.5199  bbox=(75,139,262,264)
  137. score=0.5195  bbox=(423,170,579,274)
  138. score=0.5194  bbox=(50,123,175,206)
  139. score=0.5191  bbox=(5,190,224,336)
  140. score=0.5186  bbox=(39,103,226,228)
  141. score=0.5181  bbox=(0,30,156,134)
  142. score=0.5178  bbox=(454,184,579,267)
  143. score=0.5171  bbox=(203,0,390,125)
  144. score=0.5166  bbox=(0,59,125,142)
  145. score=0.5166  bbox=(403,149,528,232)
  146. score=0.5164  bbox=(5,214,192,339)
  147. score=0.5161  bbox=(236,22,455,168)
  148. score=0.5158  bbox=(7,80,163,184)
  149. score=0.5156  bbox=(96,210,221,293)
  150. score=0.5155  bbox=(12,79,262,246)
  151. score=0.5155  bbox=(0,247,125,330)
  152. score=0.5155  bbox=(47,134,266,280)
  153. score=0.5145  bbox=(0,58,156,162)
  154. score=0.5136  bbox=(199,0,449,167)
  155. score=0.5122  bbox=(41,167,260,313)
  156. score=0.5117  bbox=(235,30,548,239)
  157. score=0.5116  bbox=(226,20,476,187)
  158. score=0.5116  bbox=(28,92,278,259)
  159. score=0.5115  bbox=(2,303,127,386)
  160. score=0.5115  bbox=(186,0,499,209)
  161. score=0.5113  bbox=(0,58,219,204)
  162. score=0.5104  bbox=(426,146,582,250)
  163. score=0.5097  bbox=(86,199,242,303)
  164. score=0.5095  bbox=(370,242,495,325)
  165. score=0.5092  bbox=(498,64,623,147)
  166. score=0.5091  bbox=(313,244,438,327)
  167. score=0.5090  bbox=(439,82,626,207)
  168. score=0.5087  bbox=(5,335,130,418)
  169. score=0.5076  bbox=(3,55,190,180)
  170. score=0.5074  bbox=(71,188,258,313)
  171. score=0.5070  bbox=(0,1,156,105)
  172. score=0.5070  bbox=(273,39,586,248)
  173. score=0.5063  bbox=(86,160,273,285)
  174. score=0.5062  bbox=(208,0,364,104)
  175. score=0.5055  bbox=(122,167,278,271)
  176. score=0.5047  bbox=(0,183,250,350)
  177. score=0.5041  bbox=(394,106,581,231)
  178. score=0.5039  bbox=(368,165,555,290)
  179. score=0.5032  bbox=(37,83,224,208)
  180. score=0.5029  bbox=(280,52,467,177)
  181. score=0.5029  bbox=(420,200,576,304)
  182. score=0.5028  bbox=(407,79,626,225)
  183. score=0.5015  bbox=(0,45,250,212)
  184. score=0.5005  bbox=(44,187,263,333)
  185. score=0.5004  bbox=(0,211,219,357)
  186. score=0.4996  bbox=(46,30,171,113)
  187. score=0.4995  bbox=(40,240,165,323)
  188. score=0.4993  bbox=(48,225,204,329)
  189. score=0.4985  bbox=(141,149,266,232)
  190. score=0.4984  bbox=(35,80,191,184)
  191. score=0.4977  bbox=(240,30,427,155)
  192. score=0.4972  bbox=(51,56,176,139)
  193. score=0.4972  bbox=(93,121,218,204)
  194. score=0.4968  bbox=(9,24,196,149)
  195. score=0.4966  bbox=(32,214,219,339)
  196. score=0.4965  bbox=(347,201,503,305)
  197. score=0.4964  bbox=(51,89,176,172)
  198. score=0.4949  bbox=(0,3,187,128)
  199. score=0.4948  bbox=(130,146,286,250)
  200. score=0.4945  bbox=(272,49,585,258)
  201. score=0.4944  bbox=(35,57,191,161)
  202. score=0.4939  bbox=(34,167,284,334)
  203. score=0.4938  bbox=(0,21,219,167)
  204. score=0.4936  bbox=(360,94,485,177)
  205. score=0.4931  bbox=(46,79,265,225)
  206. score=0.4929  bbox=(0,241,187,366)
  207. score=0.4919  bbox=(351,185,538,310)
  208. score=0.4918  bbox=(308,53,621,262)
  209. score=0.4907  bbox=(470,81,626,185)
  210. score=0.4907  bbox=(382,223,538,327)
  211. score=0.4906  bbox=(356,86,575,232)
  212. score=0.4903  bbox=(87,110,243,214)
  213. score=0.4903  bbox=(83,103,270,228)
  214. score=0.4898  bbox=(45,124,295,291)
  215. score=0.4897  bbox=(3,258,159,362)
  216. score=0.4897  bbox=(395,138,582,263)
  217. score=0.4897  bbox=(0,283,156,387)
  218. score=0.4894  bbox=(0,207,250,374)
  219. score=0.4889  bbox=(0,25,250,192)
  220. score=0.4880  bbox=(0,56,313,265)
  221. score=0.4876  bbox=(47,147,297,314)

图片: A07.jpg
--------------------------------------------------
   1. score=0.7512  bbox=(149,147,251,249)
   2. score=0.7459  bbox=(181,145,283,247)
   3. score=0.7239  bbox=(147,115,249,217)
   4. score=0.6998  bbox=(133,143,261,271)
   5. score=0.6956  bbox=(116,116,218,218)
   6. score=0.6886  bbox=(143,106,271,234)
   7. score=0.6852  bbox=(175,137,303,265)
   8. score=0.6778  bbox=(188,107,290,209)
   9. score=0.6777  bbox=(107,153,209,255)
  10. score=0.6753  bbox=(172,106,300,234)
  11. score=0.6689  bbox=(219,148,321,250)
  12. score=0.6622  bbox=(105,142,233,270)
  13. score=0.6544  bbox=(410,410,512,512)
  14. score=0.6507  bbox=(132,95,285,248)
  15. score=0.6500  bbox=(135,137,288,290)
  16. score=0.6466  bbox=(102,104,255,257)
  17. score=0.6335  bbox=(99,98,227,226)
  18. score=0.6333  bbox=(160,135,313,288)
  19. score=0.6306  bbox=(169,100,322,253)
  20. score=0.6247  bbox=(128,131,307,310)
  21. score=0.6241  bbox=(141,172,269,300)
  22. score=0.6240  bbox=(130,165,283,318)
  23. score=0.6226  bbox=(214,135,342,263)
  24. score=0.6225  bbox=(106,141,285,320)
  25. score=0.6210  bbox=(154,188,256,290)
  26. score=0.6207  bbox=(168,169,296,297)
  27. score=0.6184  bbox=(228,111,330,213)
  28. score=0.6179  bbox=(183,191,285,293)
  29. score=0.6141  bbox=(91,135,244,288)
  30. score=0.6115  bbox=(79,115,181,217)
  31. score=0.6109  bbox=(100,102,279,281)
  32. score=0.6106  bbox=(204,99,332,227)
  33. score=0.6044  bbox=(141,100,320,279)
  34. score=0.6024  bbox=(115,123,319,327)
  35. score=0.6015  bbox=(168,164,321,317)
  36. score=0.6015  bbox=(163,126,342,305)
  37. score=0.5993  bbox=(96,159,249,312)
  38. score=0.5982  bbox=(194,101,347,254)
  39. score=0.5963  bbox=(142,75,270,203)
  40. score=0.5963  bbox=(134,165,313,344)
  41. score=0.5956  bbox=(190,134,343,287)
  42. score=0.5953  bbox=(116,183,218,285)
  43. score=0.5942  bbox=(83,117,287,321)
  44. score=0.5925  bbox=(107,169,235,297)
  45. score=0.5898  bbox=(102,71,255,224)
  46. score=0.5894  bbox=(131,66,284,219)
  47. score=0.5887  bbox=(74,153,176,255)
  48. score=0.5863  bbox=(125,102,329,306)
  49. score=0.5859  bbox=(102,171,281,350)
  50. score=0.5848  bbox=(103,65,282,244)
  51. score=0.5838  bbox=(65,99,218,252)
  52. score=0.5838  bbox=(191,157,344,310)
  53. score=0.5835  bbox=(63,107,191,235)
  54. score=0.5831  bbox=(143,204,271,332)
  55. score=0.5812  bbox=(130,156,334,360)
  56. score=0.5810  bbox=(136,199,289,352)
  57. score=0.5783  bbox=(140,66,319,245)
  58. score=0.5780  bbox=(68,133,247,312)
  59. score=0.5773  bbox=(384,384,512,512)
  60. score=0.5771  bbox=(69,99,248,278)
  61. score=0.5770  bbox=(71,135,224,288)
  62. score=0.5769  bbox=(64,139,192,267)
  63. score=0.5764  bbox=(66,124,270,328)
  64. score=0.5755  bbox=(153,113,357,317)
  65. score=0.5743  bbox=(86,97,290,301)
  66. score=0.5742  bbox=(103,75,231,203)
  67. score=0.5734  bbox=(145,154,349,358)
  68. score=0.5733  bbox=(98,162,302,366)
  69. score=0.5733  bbox=(172,101,351,280)
  70. score=0.5713  bbox=(183,77,285,179)
  71. score=0.5690  bbox=(178,73,306,201)
  72. score=0.5678  bbox=(163,198,316,351)
  73. score=0.5655  bbox=(211,168,339,296)
  74. score=0.5650  bbox=(260,151,362,253)
  75. score=0.5645  bbox=(94,71,298,275)
  76. score=0.5637  bbox=(123,70,327,274)
  77. score=0.5635  bbox=(255,115,357,217)
  78. score=0.5618  bbox=(173,73,352,252)
  79. score=0.5614  bbox=(73,64,252,243)
  80. score=0.5610  bbox=(166,173,345,352)
  81. score=0.5583  bbox=(178,209,306,337)
  82. score=0.5576  bbox=(408,0,510,102)
  83. score=0.5568  bbox=(66,158,245,337)
  84. score=0.5563  bbox=(65,99,269,303)
  85. score=0.5551  bbox=(168,61,321,214)
  86. score=0.5540  bbox=(150,228,252,330)
  87. score=0.5522  bbox=(224,183,326,285)
  88. score=0.5512  bbox=(136,196,315,375)
  89. score=0.5503  bbox=(148,70,250,172)
  90. score=0.5473  bbox=(84,120,340,376)
  91. score=0.5471  bbox=(104,108,360,364)
  92. score=0.5467  bbox=(92,200,245,353)
  93. score=0.5458  bbox=(116,73,218,175)
  94. score=0.5447  bbox=(66,55,270,259)
  95. score=0.5444  bbox=(97,32,301,236)
  96. score=0.5439  bbox=(183,228,285,330)
  97. score=0.5434  bbox=(61,161,265,365)
  98. score=0.5433  bbox=(92,177,296,381)
  99. score=0.5409  bbox=(158,87,362,291)
  100. score=0.5399  bbox=(200,138,379,317)
  101. score=0.5398  bbox=(69,38,273,242)
  102. score=0.5396  bbox=(114,221,216,323)
  103. score=0.5395  bbox=(194,194,347,347)
  104. score=0.5392  bbox=(190,61,343,214)
  105. score=0.5384  bbox=(128,28,332,232)
  106. score=0.5368  bbox=(99,211,227,339)
  107. score=0.5363  bbox=(161,193,340,372)
  108. score=0.5361  bbox=(178,151,382,355)
  109. score=0.5358  bbox=(101,202,280,381)
  110. score=0.5355  bbox=(151,257,253,359)
  111. score=0.5354  bbox=(100,32,279,211)
  112. score=0.5340  bbox=(408,369,510,471)
  113. score=0.5328  bbox=(372,406,474,508)
  114. score=0.5327  bbox=(135,242,263,370)
  115. score=0.5326  bbox=(74,79,330,335)
  116. score=0.5311  bbox=(244,142,372,270)
  117. score=0.5311  bbox=(131,31,310,210)
  118. score=0.5299  bbox=(72,72,200,200)
  119. score=0.5296  bbox=(164,54,368,258)
  120. score=0.5282  bbox=(200,159,379,338)
  121. score=0.5279  bbox=(158,34,337,213)
  122. score=0.5276  bbox=(189,131,393,335)
  123. score=0.5275  bbox=(111,75,367,331)
  124. score=0.5271  bbox=(59,163,212,316)
  125. score=0.5250  bbox=(250,106,378,234)
  126. score=0.5250  bbox=(376,4,478,106)
  127. score=0.5249  bbox=(58,61,211,214)
  128. score=0.5247  bbox=(37,117,241,321)
  129. score=0.5221  bbox=(172,238,300,366)
  130. score=0.5216  bbox=(157,23,361,227)
  131. score=0.5216  bbox=(221,161,374,314)
  132. score=0.5210  bbox=(74,197,253,376)
  133. score=0.5205  bbox=(68,30,247,209)
  134. score=0.5201  bbox=(140,117,396,373)
  135. score=0.5192  bbox=(82,11,338,267)
  136. score=0.5186  bbox=(130,35,283,188)
  137. score=0.5182  bbox=(33,112,289,368)
  138. score=0.5176  bbox=(98,10,354,266)
  139. score=0.5170  bbox=(137,229,290,382)
  140. score=0.5166  bbox=(83,0,287,204)
  141. score=0.5161  bbox=(73,177,201,305)
  142. score=0.5156  bbox=(208,212,336,340)
  143. score=0.5151  bbox=(136,82,392,338)
  144. score=0.5149  bbox=(233,99,386,252)
  145. score=0.5144  bbox=(117,0,321,204)
  146. score=0.5143  bbox=(123,194,327,398)
  147. score=0.5142  bbox=(44,1,300,257)
  148. score=0.5141  bbox=(187,264,289,366)
  149. score=0.5140  bbox=(60,0,264,204)
  150. score=0.5139  bbox=(227,130,380,283)
  151. score=0.5132  bbox=(145,183,349,387)
  152. score=0.5131  bbox=(65,147,321,403)
  153. score=0.5105  bbox=(37,101,190,254)
  154. score=0.5097  bbox=(83,41,339,297)
  155. score=0.5096  bbox=(101,229,254,382)
  156. score=0.5092  bbox=(68,186,272,390)
  157. score=0.5091  bbox=(205,105,384,284)
  158. score=0.5079  bbox=(207,70,386,249)
  159. score=0.5072  bbox=(151,0,355,204)
  160. score=0.5071  bbox=(159,225,312,378)
  161. score=0.5061  bbox=(142,0,398,256)
  162. score=0.5060  bbox=(383,0,511,128)
  163. score=0.5057  bbox=(90,39,243,192)
  164. score=0.5053  bbox=(39,103,167,231)
  165. score=0.5052  bbox=(225,218,327,320)
  166. score=0.5049  bbox=(179,22,383,226)
  167. score=0.5047  bbox=(108,30,364,286)
  168. score=0.5039  bbox=(32,150,236,354)
  169. score=0.5024  bbox=(359,354,512,507)
  170. score=0.5020  bbox=(100,155,356,411)
  171. score=0.5018  bbox=(108,262,210,364)
  172. score=0.5017  bbox=(101,246,229,374)
  173. score=0.5015  bbox=(35,66,239,270)
  174. score=0.4983  bbox=(335,0,437,102)
  175. score=0.4982  bbox=(33,140,212,319)
  176. score=0.4975  bbox=(27,137,283,393)
  177. score=0.4972  bbox=(72,182,174,284)
  178. score=0.4957  bbox=(163,29,316,182)
  179. score=0.4955  bbox=(128,0,307,179)
  180. score=0.4950  bbox=(91,0,270,179)
  181. score=0.4950  bbox=(29,6,233,210)
  182. score=0.4948  bbox=(36,39,215,218)
  183. score=0.4943  bbox=(112,297,214,399)
  184. score=0.4943  bbox=(28,33,232,237)
  185. score=0.4940  bbox=(37,72,190,225)
  186. score=0.4928  bbox=(58,7,237,186)
  187. score=0.4927  bbox=(179,0,383,204)
  188. score=0.4926  bbox=(211,63,339,191)
  189. score=0.4924  bbox=(5,0,107,102)
  190. score=0.4916  bbox=(193,89,397,293)
  191. score=0.4911  bbox=(193,63,397,267)
  192. score=0.4907  bbox=(29,71,208,250)
  193. score=0.4907  bbox=(234,72,387,225)
  194. score=0.4900  bbox=(137,38,393,294)
  195. score=0.4890  bbox=(353,381,481,509)
  196. score=0.4874  bbox=(25,62,281,318)
  197. score=0.4874  bbox=(64,202,217,355)
  198. score=0.4874  bbox=(226,73,328,175)
  199. score=0.4874  bbox=(30,107,209,286)
  200. score=0.4867  bbox=(148,295,250,397)
  201. score=0.4866  bbox=(77,73,179,175)
  202. score=0.4859  bbox=(176,0,432,256)
  203. score=0.4856  bbox=(204,32,383,211)
  204. score=0.4842  bbox=(27,28,283,284)
  205. score=0.4832  bbox=(5,107,261,363)
  206. score=0.4824  bbox=(39,171,218,350)
  207. score=0.4822  bbox=(380,346,508,474)
  208. score=0.4810  bbox=(338,407,440,509)
  209. score=0.4807  bbox=(255,182,357,284)
  210. score=0.4806  bbox=(173,0,352,179)
  211. score=0.4806  bbox=(176,104,432,360)
  212. score=0.4801  bbox=(27,96,231,300)
  213. score=0.4799  bbox=(72,211,200,339)
  214. score=0.4796  bbox=(194,197,373,376)
  215. score=0.4788  bbox=(60,25,213,178)
  216. score=0.4784  bbox=(211,156,415,360)
  217. score=0.4780  bbox=(0,9,256,265)
  218. score=0.4778  bbox=(189,27,342,180)
  219. score=0.4775  bbox=(207,4,411,208)
  220. score=0.4761  bbox=(249,170,377,298)
  221. score=0.4759  bbox=(96,208,300,412)

图片: A08.jpg
--------------------------------------------------
   1. score=0.7664  bbox=(451,185,575,269)
   2. score=0.7466  bbox=(85,337,209,421)
   3. score=0.7451  bbox=(48,337,172,421)
   4. score=0.7331  bbox=(412,179,536,263)
   5. score=0.7232  bbox=(5,337,129,421)
   6. score=0.7229  bbox=(420,171,575,276)
   7. score=0.7115  bbox=(85,305,209,389)
   8. score=0.7097  bbox=(44,307,168,391)
   9. score=0.7037  bbox=(447,155,571,239)
  10. score=0.6984  bbox=(132,337,256,421)
  11. score=0.6981  bbox=(423,147,578,252)
  12. score=0.6979  bbox=(80,315,235,420)
  13. score=0.6927  bbox=(383,173,538,278)
  14. score=0.6901  bbox=(48,314,203,419)
  15. score=0.6871  bbox=(0,314,155,419)
  16. score=0.6803  bbox=(392,139,578,265)
  17. score=0.6776  bbox=(495,180,619,264)
  18. score=0.6753  bbox=(365,185,489,269)
  19. score=0.6717  bbox=(139,310,263,394)
  20. score=0.6683  bbox=(427,135,613,261)
  21. score=0.6625  bbox=(404,211,528,295)
  22. score=0.6625  bbox=(36,292,191,397)
  23. score=0.6624  bbox=(380,148,535,253)
  24. score=0.6619  bbox=(467,173,622,278)
  25. score=0.6616  bbox=(403,164,589,290)
  26. score=0.6587  bbox=(2,305,126,389)
  27. score=0.6553  bbox=(436,156,622,282)
  28. score=0.6533  bbox=(401,150,525,234)
  29. score=0.6528  bbox=(467,142,622,247)
  30. score=0.6476  bbox=(0,295,186,421)
  31. score=0.6458  bbox=(365,166,551,292)
  32. score=0.6448  bbox=(417,202,572,307)
  33. score=0.6430  bbox=(452,217,576,301)
  34. score=0.6425  bbox=(496,156,620,240)
  35. score=0.6414  bbox=(0,285,155,390)
  36. score=0.6371  bbox=(42,295,228,421)
  37. score=0.6356  bbox=(385,204,540,309)
  38. score=0.6341  bbox=(88,287,243,392)
  39. score=0.6333  bbox=(6,274,192,400)
  40. score=0.6320  bbox=(350,140,536,266)
  41. score=0.6311  bbox=(395,190,581,316)
  42. score=0.6309  bbox=(398,143,615,290)
  43. score=0.6278  bbox=(359,218,483,302)
  44. score=0.6273  bbox=(134,314,289,419)
  45. score=0.6260  bbox=(338,167,493,272)
  46. score=0.6259  bbox=(355,142,572,289)
  47. score=0.6243  bbox=(359,164,576,311)
  48. score=0.6232  bbox=(405,112,622,259)
  49. score=0.6190  bbox=(400,162,617,309)
  50. score=0.6144  bbox=(436,184,622,310)
  51. score=0.6137  bbox=(86,295,272,421)
  52. score=0.6126  bbox=(2,274,219,421)
  53. score=0.6124  bbox=(449,119,573,203)
  54. score=0.6119  bbox=(362,111,579,258)
  55. score=0.6118  bbox=(360,157,484,241)
  56. score=0.6117  bbox=(498,120,622,204)
  57. score=0.6096  bbox=(330,138,547,285)
  58. score=0.6078  bbox=(348,186,534,312)
  59. score=0.6074  bbox=(319,156,505,282)
  60. score=0.6054  bbox=(367,124,615,292)
  61. score=0.6051  bbox=(467,113,622,218)
  62. score=0.6048  bbox=(48,265,234,391)
  63. score=0.6030  bbox=(465,202,620,307)
  64. score=0.6027  bbox=(372,106,620,274)
  65. score=0.6021  bbox=(343,129,591,297)
  66. score=0.6005  bbox=(345,203,500,308)
  67. score=0.5998  bbox=(329,164,546,311)
  68. score=0.5985  bbox=(370,194,587,341)
  69. score=0.5983  bbox=(366,154,614,322)
  70. score=0.5979  bbox=(425,110,580,215)
  71. score=0.5977  bbox=(331,149,579,317)
  72. score=0.5975  bbox=(436,106,622,232)
  73. score=0.5969  bbox=(498,218,622,302)
  74. score=0.5958  bbox=(0,242,217,389)
  75. score=0.5949  bbox=(391,107,577,233)
  76. score=0.5946  bbox=(36,272,253,419)
  77. score=0.5915  bbox=(344,139,499,244)
  78. score=0.5909  bbox=(316,140,502,266)
  79. score=0.5909  bbox=(186,310,310,394)
  80. score=0.5901  bbox=(317,210,441,294)
  81. score=0.5893  bbox=(304,199,459,304)
  82. score=0.5882  bbox=(364,214,550,340)
  83. score=0.5875  bbox=(404,220,590,346)
  84. score=0.5853  bbox=(183,337,307,421)
  85. score=0.5837  bbox=(311,193,497,319)
  86. score=0.5831  bbox=(8,233,256,401)
  87. score=0.5820  bbox=(302,146,550,314)
  88. score=0.5819  bbox=(380,224,535,329)
  89. score=0.5818  bbox=(333,100,581,268)
  90. score=0.5816  bbox=(343,177,591,345)
  91. score=0.5809  bbox=(405,195,622,342)
  92. score=0.5798  bbox=(12,246,260,414)
  93. score=0.5794  bbox=(84,272,270,398)
  94. score=0.5762  bbox=(134,283,289,388)
  95. score=0.5756  bbox=(404,121,528,205)
  96. score=0.5731  bbox=(37,240,254,387)
  97. score=0.5730  bbox=(374,185,622,353)
  98. score=0.5726  bbox=(436,220,622,346)
  99. score=0.5724  bbox=(417,232,572,337)
  100. score=0.5707  bbox=(387,113,542,218)
  101. score=0.5701  bbox=(299,169,454,274)
  102. score=0.5698  bbox=(285,181,471,307)
  103. score=0.5694  bbox=(293,130,541,298)
  104. score=0.5692  bbox=(316,193,533,340)
  105. score=0.5684  bbox=(28,253,276,421)
  106. score=0.5682  bbox=(310,184,434,268)
  107. score=0.5675  bbox=(356,111,542,237)
  108. score=0.5668  bbox=(76,271,293,418)
  109. score=0.5642  bbox=(123,290,309,416)
  110. score=0.5626  bbox=(27,226,275,394)
  111. score=0.5603  bbox=(0,213,124,297)
  112. score=0.5594  bbox=(326,106,543,253)
  113. score=0.5591  bbox=(0,243,186,369)
  114. score=0.5586  bbox=(280,140,497,287)
  115. score=0.5582  bbox=(277,171,494,318)
  116. score=0.5573  bbox=(294,181,542,349)
  117. score=0.5547  bbox=(457,241,581,325)
  118. score=0.5546  bbox=(467,228,622,333)
  119. score=0.5545  bbox=(116,266,302,392)
  120. score=0.5542  bbox=(78,244,295,391)
  121. score=0.5535  bbox=(311,144,622,354)
  122. score=0.5531  bbox=(301,102,549,270)
  123. score=0.5530  bbox=(269,151,517,319)
  124. score=0.5524  bbox=(43,245,229,371)
  125. score=0.5515  bbox=(0,209,248,377)
  126. score=0.5508  bbox=(173,316,328,421)
  127. score=0.5503  bbox=(3,260,158,365)
  128. score=0.5500  bbox=(296,118,607,328)
  129. score=0.5499  bbox=(36,262,191,367)
  130. score=0.5496  bbox=(313,212,499,338)
  131. score=0.5491  bbox=(311,99,622,309)
  132. score=0.5473  bbox=(345,198,593,366)
  133. score=0.5473  bbox=(436,83,622,209)
  134. score=0.5471  bbox=(370,199,618,367)
  135. score=0.5467  bbox=(0,209,311,419)
  136. score=0.5459  bbox=(318,157,442,241)
  137. score=0.5452  bbox=(493,241,617,325)
  138. score=0.5450  bbox=(405,216,622,363)
  139. score=0.5449  bbox=(80,263,235,368)
  140. score=0.5448  bbox=(368,244,492,328)
  141. score=0.5444  bbox=(271,212,395,296)
  142. score=0.5440  bbox=(303,226,458,331)
  143. score=0.5439  bbox=(343,82,591,250)
  144. score=0.5437  bbox=(268,165,454,291)
  145. score=0.5434  bbox=(304,144,459,249)
  146. score=0.5429  bbox=(405,80,622,227)
  147. score=0.5423  bbox=(276,158,587,368)
  148. score=0.5419  bbox=(498,89,622,173)
  149. score=0.5417  bbox=(64,227,312,395)
  150. score=0.5410  bbox=(281,197,498,344)
  151. score=0.5394  bbox=(467,82,622,187)
  152. score=0.5391  bbox=(305,205,553,373)
  153. score=0.5367  bbox=(279,211,465,337)
  154. score=0.5364  bbox=(96,275,220,359)
  155. score=0.5362  bbox=(458,93,582,177)
  156. score=0.5361  bbox=(364,76,612,244)
  157. score=0.5360  bbox=(263,177,511,345)
  158. score=0.5358  bbox=(270,194,518,362)
  159. score=0.5356  bbox=(335,227,490,332)
  160. score=0.5351  bbox=(401,85,587,211)
  161. score=0.5343  bbox=(423,90,578,195)
  162. score=0.5338  bbox=(0,213,217,360)
  163. score=0.5335  bbox=(86,253,334,421)
  164. score=0.5332  bbox=(368,226,585,373)
  165. score=0.5329  bbox=(354,87,571,234)
  166. score=0.5319  bbox=(3,271,127,355)
  167. score=0.5310  bbox=(121,269,338,416)
  168. score=0.5309  bbox=(150,292,336,418)
  169. score=0.5306  bbox=(358,236,544,362)
  170. score=0.5296  bbox=(401,246,525,330)
  171. score=0.5295  bbox=(126,246,343,393)
  172. score=0.5292  bbox=(45,272,169,356)
  173. score=0.5289  bbox=(176,283,331,388)
  174. score=0.5287  bbox=(256,132,504,300)
  175. score=0.5287  bbox=(258,114,569,324)
  176. score=0.5270  bbox=(311,246,435,330)
  177. score=0.5259  bbox=(252,164,469,311)
  178. score=0.5240  bbox=(257,172,568,382)
  179. score=0.5236  bbox=(277,213,494,360)
  180. score=0.5229  bbox=(10,182,321,392)
  181. score=0.5225  bbox=(106,226,354,394)
  182. score=0.5225  bbox=(256,204,411,309)
  183. score=0.5205  bbox=(272,241,396,325)
  184. score=0.5205  bbox=(44,201,355,411)
  185. score=0.5200  bbox=(42,207,290,375)
  186. score=0.5182  bbox=(315,226,532,373)
  187. score=0.5175  bbox=(402,242,588,368)
  188. score=0.5157  bbox=(4,232,159,337)
  189. score=0.5156  bbox=(435,240,621,366)
  190. score=0.5143  bbox=(5,215,191,341)
  191. score=0.5143  bbox=(163,268,349,394)
  192. score=0.5133  bbox=(260,172,415,277)
  193. score=0.5122  bbox=(364,120,488,204)
  194. score=0.5097  bbox=(0,202,155,307)
  195. score=0.5089  bbox=(32,177,343,387)
  196. score=0.5083  bbox=(0,249,124,333)
  197. score=0.5076  bbox=(39,216,256,363)
  198. score=0.5076  bbox=(270,135,456,261)
  199. score=0.5071  bbox=(219,148,530,358)
  200. score=0.5069  bbox=(314,108,500,234)
  201. score=0.5053  bbox=(226,308,350,392)
  202. score=0.5046  bbox=(159,243,345,369)
  203. score=0.5044  bbox=(246,191,432,317)
  204. score=0.5043  bbox=(118,253,366,421)
  205. score=0.5033  bbox=(242,184,459,331)
  206. score=0.5030  bbox=(125,242,311,368)
  207. score=0.5029  bbox=(213,173,524,383)
  208. score=0.5029  bbox=(266,183,390,267)
  209. score=0.5025  bbox=(76,205,387,415)
  210. score=0.5023  bbox=(300,187,611,397)
  211. score=0.5014  bbox=(276,110,493,257)
  212. score=0.5013  bbox=(252,90,563,300)
  213. score=0.5010  bbox=(122,258,277,363)
  214. score=0.5007  bbox=(246,137,463,284)
  215. score=0.4995  bbox=(135,275,259,359)
  216. score=0.4994  bbox=(120,219,337,366)
  217. score=0.4993  bbox=(336,111,491,216)
  218. score=0.4971  bbox=(376,257,531,362)
  219. score=0.4970  bbox=(323,86,540,233)
  220. score=0.4961  bbox=(155,247,372,394)
  221. score=0.4958  bbox=(223,207,471,375)

图片: A09.jpg
--------------------------------------------------
   1. score=0.9514  bbox=(346,36,464,124)
   2. score=0.9448  bbox=(296,31,414,119)
   3. score=0.9347  bbox=(346,61,464,149)
   4. score=0.9340  bbox=(327,29,474,139)
   5. score=0.9314  bbox=(305,61,423,149)
   6. score=0.9302  bbox=(319,0,466,110)
   7. score=0.9294  bbox=(288,0,435,110)
   8. score=0.9257  bbox=(303,0,480,132)
   9. score=0.9224  bbox=(300,0,418,88)
  10. score=0.9171  bbox=(345,1,463,89)
  11. score=0.9164  bbox=(279,27,426,137)
  12. score=0.9158  bbox=(362,4,509,114)
  13. score=0.9150  bbox=(260,0,378,88)
  14. score=0.9129  bbox=(392,35,510,123)
  15. score=0.9109  bbox=(236,0,383,110)
  16. score=0.9092  bbox=(260,0,437,132)
  17. score=0.9087  bbox=(257,36,375,124)
  18. score=0.9084  bbox=(337,0,514,132)
  19. score=0.9072  bbox=(385,0,503,88)
  20. score=0.9042  bbox=(364,26,511,136)
  21. score=0.8912  bbox=(306,29,483,161)
  22. score=0.8836  bbox=(195,0,342,110)
  23. score=0.8823  bbox=(430,0,548,88)
  24. score=0.8821  bbox=(212,0,330,88)
  25. score=0.8813  bbox=(320,65,467,175)
  26. score=0.8804  bbox=(224,4,401,136)
  27. score=0.8790  bbox=(406,0,553,110)
  28. score=0.8775  bbox=(338,29,515,161)
  29. score=0.8774  bbox=(342,95,460,183)
  30. score=0.8773  bbox=(368,2,545,134)
  31. score=0.8765  bbox=(311,4,517,159)
  32. score=0.8729  bbox=(220,34,338,122)
  33. score=0.8722  bbox=(275,3,481,158)
  34. score=0.8684  bbox=(247,33,394,143)
  35. score=0.8668  bbox=(428,31,546,119)
  36. score=0.8644  bbox=(287,56,434,166)
  37. score=0.8534  bbox=(349,0,555,155)
  38. score=0.8518  bbox=(258,31,435,163)
  39. score=0.8512  bbox=(176,1,294,89)
  40. score=0.8491  bbox=(385,68,503,156)
  41. score=0.8488  bbox=(208,27,355,137)
  42. score=0.8469  bbox=(180,0,357,132)
  43. score=0.8449  bbox=(313,25,519,180)
  44. score=0.8441  bbox=(223,2,429,157)
  45. score=0.8404  bbox=(407,29,554,139)
  46. score=0.8383  bbox=(444,0,591,110)
  47. score=0.8374  bbox=(473,3,591,91)
  48. score=0.8371  bbox=(296,56,473,188)
  49. score=0.8360  bbox=(374,23,551,155)
  50. score=0.8349  bbox=(362,64,509,174)
  51. score=0.8348  bbox=(279,0,515,177)
  52. score=0.8342  bbox=(308,0,544,177)
  53. score=0.8308  bbox=(337,62,514,194)
  54. score=0.8272  bbox=(157,5,304,115)
  55. score=0.8261  bbox=(256,3,492,180)
  56. score=0.8216  bbox=(414,0,591,132)
  57. score=0.8213  bbox=(323,91,470,201)
  58. score=0.8203  bbox=(342,29,548,184)
  59. score=0.8174  bbox=(273,35,479,190)
  60. score=0.8171  bbox=(170,35,288,123)
  61. score=0.8087  bbox=(190,6,396,161)
  62. score=0.8069  bbox=(208,4,444,181)
  63. score=0.8049  bbox=(297,99,415,187)
  64. score=0.8013  bbox=(219,34,396,166)
  65. score=0.8011  bbox=(359,89,506,199)
  66. score=0.7989  bbox=(325,21,561,198)
  67. score=0.7945  bbox=(193,24,370,156)
  68. score=0.7943  bbox=(290,29,526,206)
  69. score=0.7937  bbox=(255,54,432,186)
  70. score=0.7920  bbox=(340,130,458,218)
  71. score=0.7917  bbox=(255,68,373,156)
  72. score=0.7916  bbox=(385,5,591,160)
  73. score=0.7896  bbox=(355,6,591,183)
  74. score=0.7882  bbox=(244,24,480,201)
  75. score=0.7856  bbox=(249,61,396,171)
  76. score=0.7854  bbox=(473,31,591,119)
  77. score=0.7853  bbox=(310,63,516,218)
  78. score=0.7852  bbox=(217,21,453,198)
  79. score=0.7827  bbox=(267,52,473,207)
  80. score=0.7802  bbox=(222,35,428,190)
  81. score=0.7778  bbox=(134,29,252,117)
  82. score=0.7771  bbox=(441,29,588,139)
  83. score=0.7769  bbox=(142,0,319,132)
  84. score=0.7758  bbox=(304,88,481,220)
  85. score=0.7741  bbox=(344,87,521,219)
  86. score=0.7730  bbox=(173,6,409,183)
  87. score=0.7728  bbox=(281,85,428,195)
  88. score=0.7708  bbox=(125,0,272,110)
  89. score=0.7707  bbox=(186,22,392,177)
  90. score=0.7699  bbox=(347,59,553,214)
  91. score=0.7695  bbox=(201,2,496,223)
  92. score=0.7677  bbox=(388,160,506,248)
  93. score=0.7675  bbox=(355,27,591,204)
  94. score=0.7671  bbox=(134,0,252,88)
  95. score=0.7669  bbox=(258,0,553,221)
  96. score=0.7630  bbox=(153,0,359,155)
  97. score=0.7628  bbox=(296,3,591,224)
  98. score=0.7619  bbox=(164,29,311,139)
  99. score=0.7619  bbox=(375,61,552,193)
  100. score=0.7598  bbox=(356,122,503,232)
  101. score=0.7582  bbox=(315,79,521,234)
  102. score=0.7578  bbox=(339,165,457,253)
  103. score=0.7571  bbox=(256,53,492,230)
  104. score=0.7566  bbox=(383,190,501,278)
  105. score=0.7558  bbox=(428,68,546,156)
  106. score=0.7549  bbox=(163,0,458,221)
  107. score=0.7539  bbox=(404,59,551,169)
  108. score=0.7538  bbox=(325,124,472,234)
  109. score=0.7534  bbox=(186,26,422,203)
  110. score=0.7523  bbox=(322,56,558,233)
  111. score=0.7511  bbox=(384,99,502,187)
  112. score=0.7510  bbox=(382,32,588,187)
  113. score=0.7510  bbox=(289,61,525,238)
  114. score=0.7509  bbox=(213,23,508,244)
  115. score=0.7447  bbox=(284,22,579,243)
  116. score=0.7428  bbox=(219,61,337,149)
  117. score=0.7413  bbox=(414,33,591,165)
  118. score=0.7394  bbox=(277,85,483,240)
  119. score=0.7386  bbox=(385,132,503,220)
  120. score=0.7358  bbox=(267,84,444,216)
  121. score=0.7351  bbox=(234,61,440,216)
  122. score=0.7325  bbox=(342,112,519,244)
  123. score=0.7307  bbox=(355,58,591,235)
  124. score=0.7297  bbox=(209,57,445,234)
  125. score=0.7288  bbox=(380,54,586,209)
  126. score=0.7271  bbox=(138,6,433,227)
  127. score=0.7270  bbox=(258,75,494,252)
  128. score=0.7268  bbox=(44,222,162,310)
  129. score=0.7250  bbox=(281,76,517,253)
  130. score=0.7247  bbox=(307,118,484,250)
  131. score=0.7243  bbox=(0,185,147,295)
  132. score=0.7237  bbox=(39,190,157,278)
  133. score=0.7230  bbox=(0,189,118,277)
  134. score=0.7221  bbox=(218,62,395,194)
  135. score=0.7213  bbox=(0,224,118,312)
  136. score=0.7212  bbox=(262,41,557,262)
  137. score=0.7211  bbox=(351,89,557,244)
  138. score=0.7187  bbox=(320,146,467,256)
  139. score=0.7176  bbox=(36,186,183,296)
  140. score=0.7173  bbox=(356,154,503,264)
  141. score=0.7161  bbox=(381,85,558,217)
  142. score=0.7159  bbox=(202,55,349,165)
  143. score=0.7153  bbox=(106,0,283,132)
  144. score=0.7143  bbox=(347,75,583,252)
  145. score=0.7142  bbox=(131,0,367,177)
  146. score=0.7130  bbox=(194,52,371,184)
  147. score=0.7130  bbox=(329,79,565,256)
  148. score=0.7125  bbox=(158,41,453,262)
  149. score=0.7124  bbox=(342,192,460,280)
  150. score=0.7115  bbox=(182,52,477,273)
  151. score=0.7067  bbox=(84,222,202,310)
  152. score=0.7059  bbox=(220,54,515,275)
  153. score=0.7046  bbox=(0,170,177,302)
  154. score=0.7042  bbox=(124,0,330,155)
  155. score=0.7032  bbox=(141,19,377,196)
  156. score=0.7025  bbox=(180,53,416,230)
  157. score=0.7002  bbox=(151,25,357,180)
  158. score=0.6976  bbox=(220,82,456,259)
  159. score=0.6951  bbox=(312,109,518,264)
  160. score=0.6949  bbox=(183,52,389,207)
  161. score=0.6948  bbox=(385,79,591,234)
  162. score=0.6931  bbox=(255,61,550,282)
  163. score=0.6915  bbox=(85,190,203,278)
  164. score=0.6914  bbox=(75,181,222,291)
  165. score=0.6911  bbox=(414,55,591,187)
  166. score=0.6888  bbox=(288,123,435,233)
  167. score=0.6887  bbox=(375,118,552,250)
  168. score=0.6875  bbox=(231,88,437,243)
  169. score=0.6855  bbox=(292,71,587,292)
  170. score=0.6853  bbox=(370,184,517,294)
  171. score=0.6849  bbox=(44,211,191,321)
  172. score=0.6847  bbox=(115,0,351,177)
  173. score=0.6838  bbox=(123,35,270,145)
  174. score=0.6834  bbox=(187,71,423,248)
  175. score=0.6826  bbox=(36,164,213,296)
  176. score=0.6814  bbox=(151,34,328,166)
  177. score=0.6801  bbox=(127,226,245,314)
  178. score=0.6798  bbox=(118,38,413,259)
  179. score=0.6782  bbox=(87,207,234,317)
  180. score=0.6779  bbox=(345,99,581,276)
  181. score=0.6777  bbox=(473,60,591,148)
  182. score=0.6772  bbox=(261,108,438,240)
  183. score=0.6767  bbox=(297,141,474,273)
  184. score=0.6767  bbox=(330,142,507,274)
  185. score=0.6764  bbox=(316,180,463,290)
  186. score=0.6760  bbox=(0,163,118,251)
  187. score=0.6750  bbox=(0,216,147,326)
  188. score=0.6740  bbox=(244,87,391,197)
  189. score=0.6727  bbox=(257,101,493,278)
  190. score=0.6723  bbox=(404,178,551,288)
  191. score=0.6713  bbox=(440,61,587,171)
  192. score=0.6710  bbox=(0,165,206,320)
  193. score=0.6708  bbox=(5,201,182,333)
  194. score=0.6699  bbox=(279,121,485,276)
  195. score=0.6693  bbox=(43,193,220,325)
  196. score=0.6683  bbox=(406,91,553,201)
  197. score=0.6674  bbox=(41,162,159,250)
  198. score=0.6672  bbox=(383,170,560,302)
  199. score=0.6671  bbox=(350,120,556,275)
  200. score=0.6666  bbox=(286,86,581,307)
  201. score=0.6661  bbox=(0,231,177,363)
  202. score=0.6646  bbox=(159,84,454,305)
  203. score=0.6638  bbox=(83,0,260,132)
  204. score=0.6624  bbox=(6,240,153,350)
  205. score=0.6614  bbox=(326,110,562,287)
  206. score=0.6604  bbox=(83,170,260,302)
  207. score=0.6591  bbox=(118,59,413,280)
  208. score=0.6589  bbox=(0,202,206,357)
  209. score=0.6587  bbox=(78,0,225,110)
  210. score=0.6585  bbox=(297,133,415,221)
  211. score=0.6583  bbox=(36,241,183,351)
  212. score=0.6580  bbox=(383,145,560,277)
  213. score=0.6574  bbox=(30,171,236,326)
  214. score=0.6571  bbox=(298,174,475,306)
  215. score=0.6568  bbox=(89,32,207,120)
  216. score=0.6557  bbox=(43,259,161,347)
  217. score=0.6554  bbox=(87,0,205,88)
  218. score=0.6552  bbox=(385,114,591,269)
  219. score=0.6546  bbox=(217,81,394,213)
  220. score=0.6546  bbox=(340,165,517,297)
  221. score=0.6539  bbox=(281,113,517,290)

图片: A10.jpg
--------------------------------------------------
   1. score=0.8959  bbox=(82,125,200,213)
   2. score=0.8876  bbox=(42,127,160,215)
   3. score=0.8826  bbox=(90,95,208,183)
   4. score=0.8783  bbox=(42,94,189,204)
   5. score=0.8747  bbox=(74,86,221,196)
   6. score=0.8698  bbox=(44,97,162,185)
   7. score=0.8670  bbox=(5,133,123,221)
   8. score=0.8662  bbox=(34,90,211,222)
   9. score=0.8654  bbox=(0,80,177,212)
  10. score=0.8575  bbox=(0,85,147,195)
  11. score=0.8568  bbox=(82,64,229,174)
  12. score=0.8559  bbox=(41,121,188,231)
  13. score=0.8535  bbox=(81,119,228,229)
  14. score=0.8529  bbox=(39,65,186,175)
  15. score=0.8525  bbox=(91,65,209,153)
  16. score=0.8521  bbox=(0,93,118,181)
  17. score=0.8514  bbox=(132,95,250,183)
  18. score=0.8510  bbox=(1,117,148,227)
  19. score=0.8500  bbox=(0,55,206,210)
  20. score=0.8485  bbox=(42,53,219,185)
  21. score=0.8415  bbox=(126,132,244,220)
  22. score=0.8375  bbox=(75,90,252,222)
  23. score=0.8363  bbox=(1,53,178,185)
  24. score=0.8355  bbox=(1,63,148,173)
  25. score=0.8353  bbox=(43,57,249,212)
  26. score=0.8349  bbox=(38,62,156,150)
  27. score=0.8303  bbox=(0,83,206,238)
  28. score=0.8303  bbox=(0,107,177,239)
  29. score=0.8248  bbox=(82,57,259,189)
  30. score=0.8239  bbox=(38,81,244,236)
  31. score=0.8233  bbox=(6,49,242,226)
  32. score=0.8217  bbox=(45,114,222,246)
  33. score=0.8188  bbox=(0,63,118,151)
  34. score=0.8179  bbox=(0,32,236,209)
  35. score=0.8174  bbox=(133,62,251,150)
  36. score=0.8155  bbox=(32,34,209,166)
  37. score=0.8081  bbox=(1,77,237,254)
  38. score=0.8073  bbox=(37,28,243,183)
  39. score=0.8033  bbox=(0,25,206,180)
  40. score=0.8014  bbox=(29,112,235,267)
  41. score=0.8013  bbox=(74,117,251,249)
  42. score=0.8009  bbox=(73,32,220,142)
  43. score=0.7996  bbox=(91,160,209,248)
  44. score=0.7994  bbox=(0,32,177,164)
  45. score=0.7964  bbox=(70,58,276,213)
  46. score=0.7963  bbox=(0,119,206,274)
  47. score=0.7947  bbox=(122,55,269,165)
  48. score=0.7942  bbox=(35,55,271,232)
  49. score=0.7939  bbox=(47,150,194,260)
  50. score=0.7914  bbox=(81,150,228,260)
  51. score=0.7896  bbox=(124,93,271,203)
  52. score=0.7888  bbox=(41,162,159,250)
  53. score=0.7882  bbox=(30,143,207,275)
  54. score=0.7868  bbox=(89,32,207,120)
  55. score=0.7866  bbox=(8,114,244,291)
  56. score=0.7857  bbox=(6,148,153,258)
  57. score=0.7840  bbox=(118,126,265,236)
  58. score=0.7823  bbox=(0,142,177,274)
  59. score=0.7820  bbox=(42,26,189,136)
  60. score=0.7813  bbox=(41,33,277,210)
  61. score=0.7797  bbox=(2,32,149,142)
  62. score=0.7791  bbox=(7,139,213,294)
  63. score=0.7766  bbox=(43,138,249,293)
  64. score=0.7757  bbox=(45,32,163,120)
  65. score=0.7751  bbox=(41,83,277,260)
  66. score=0.7744  bbox=(81,24,258,156)
  67. score=0.7741  bbox=(4,7,240,184)
  68. score=0.7740  bbox=(75,147,252,279)
  69. score=0.7711  bbox=(130,161,248,249)
  70. score=0.7708  bbox=(0,163,118,251)
  71. score=0.7700  bbox=(108,89,285,221)
  72. score=0.7699  bbox=(0,127,236,304)
  73. score=0.7697  bbox=(38,108,274,285)
  74. score=0.7686  bbox=(69,24,275,179)
  75. score=0.7667  bbox=(115,148,262,258)
  76. score=0.7632  bbox=(123,35,270,145)
  77. score=0.7628  bbox=(80,88,286,243)
  78. score=0.7590  bbox=(28,6,264,183)
  79. score=0.7580  bbox=(36,164,213,296)
  80. score=0.7552  bbox=(116,61,293,193)
  81. score=0.7538  bbox=(134,29,252,117)
  82. score=0.7526  bbox=(28,2,234,157)
  83. score=0.7515  bbox=(0,32,118,120)
  84. score=0.7506  bbox=(30,132,266,309)
  85. score=0.7502  bbox=(64,34,300,211)
  86. score=0.7475  bbox=(75,181,222,291)
  87. score=0.7474  bbox=(110,108,287,240)
  88. score=0.7462  bbox=(29,6,206,138)
  89. score=0.7449  bbox=(0,0,206,155)
  90. score=0.7445  bbox=(12,67,307,288)
  91. score=0.7439  bbox=(63,85,299,262)
  92. score=0.7420  bbox=(108,25,285,157)
  93. score=0.7405  bbox=(86,120,292,275)
  94. score=0.7392  bbox=(63,114,299,291)
  95. score=0.7374  bbox=(118,177,265,287)
  96. score=0.7373  bbox=(85,190,203,278)
  97. score=0.7371  bbox=(0,170,177,302)
  98. score=0.7359  bbox=(6,23,301,244)
  99. score=0.7351  bbox=(176,227,294,315)
  100. score=0.7344  bbox=(78,55,314,232)
  101. score=0.7339  bbox=(86,140,292,295)
  102. score=0.7327  bbox=(83,170,260,302)
  103. score=0.7323  bbox=(134,197,252,285)
  104. score=0.7319  bbox=(36,186,183,296)
  105. score=0.7313  bbox=(5,97,300,318)
  106. score=0.7293  bbox=(108,62,314,217)
  107. score=0.7264  bbox=(39,190,157,278)
  108. score=0.7260  bbox=(169,96,287,184)
  109. score=0.7252  bbox=(173,67,291,155)
  110. score=0.7228  bbox=(0,165,206,320)
  111. score=0.7226  bbox=(0,185,147,295)
  112. score=0.7221  bbox=(117,141,294,273)
  113. score=0.7215  bbox=(39,69,334,290)
  114. score=0.7215  bbox=(31,41,326,262)
  115. score=0.7207  bbox=(14,2,309,223)
  116. score=0.7199  bbox=(2,0,179,132)
  117. score=0.7182  bbox=(162,62,309,172)
  118. score=0.7166  bbox=(171,195,289,283)
  119. score=0.7159  bbox=(83,0,260,132)
  120. score=0.7134  bbox=(0,116,295,337)
  121. score=0.7131  bbox=(74,125,310,302)
  122. score=0.7124  bbox=(0,189,118,277)
  123. score=0.7121  bbox=(114,171,291,303)
  124. score=0.7110  bbox=(170,35,288,123)
  125. score=0.7099  bbox=(30,171,236,326)
  126. score=0.7097  bbox=(78,0,225,110)
  127. score=0.7075  bbox=(85,0,291,155)
  128. score=0.7074  bbox=(124,32,330,187)
  129. score=0.7070  bbox=(75,0,311,177)
  130. score=0.7054  bbox=(42,0,189,110)
  131. score=0.7053  bbox=(111,89,317,244)
  132. score=0.7036  bbox=(151,34,328,166)
  133. score=0.7035  bbox=(128,207,275,317)
  134. score=0.7023  bbox=(107,139,313,294)
  135. score=0.7000  bbox=(158,85,305,195)
  136. score=0.6991  bbox=(105,30,341,207)
  137. score=0.6979  bbox=(0,164,236,341)
  138. score=0.6979  bbox=(111,112,317,267)
  139. score=0.6966  bbox=(106,0,283,132)
  140. score=0.6948  bbox=(154,56,331,188)
  141. score=0.6939  bbox=(159,208,306,318)
  142. score=0.6936  bbox=(164,29,311,139)
  143. score=0.6935  bbox=(105,60,341,237)
  144. score=0.6890  bbox=(83,171,289,326)
  145. score=0.6873  bbox=(169,128,287,216)
  146. score=0.6870  bbox=(55,0,350,221)
  147. score=0.6869  bbox=(0,0,147,110)
  148. score=0.6868  bbox=(42,163,278,340)
  149. score=0.6855  bbox=(470,257,588,345)
  150. score=0.6852  bbox=(70,85,365,306)
  151. score=0.6841  bbox=(154,176,301,286)
  152. score=0.6832  bbox=(127,226,245,314)
  153. score=0.6827  bbox=(118,197,295,329)
  154. score=0.6817  bbox=(76,40,371,261)
  155. score=0.6812  bbox=(87,0,205,88)
  156. score=0.6811  bbox=(125,0,272,110)
  157. score=0.6804  bbox=(56,104,351,325)
  158. score=0.6803  bbox=(151,25,357,180)
  159. score=0.6803  bbox=(112,72,348,249)
  160. score=0.6790  bbox=(39,116,334,337)
  161. score=0.6788  bbox=(349,254,467,342)
  162. score=0.6783  bbox=(124,0,330,155)
  163. score=0.6781  bbox=(115,0,351,177)
  164. score=0.6772  bbox=(220,222,338,310)
  165. score=0.6764  bbox=(472,289,590,377)
  166. score=0.6761  bbox=(149,85,326,217)
  167. score=0.6761  bbox=(90,71,385,292)
  168. score=0.6753  bbox=(43,193,220,325)
  169. score=0.6752  bbox=(426,254,544,342)
  170. score=0.6748  bbox=(72,10,367,231)
  171. score=0.6735  bbox=(155,126,302,236)
  172. score=0.6727  bbox=(114,100,350,277)
  173. score=0.6720  bbox=(74,195,251,327)
  174. score=0.6706  bbox=(102,134,338,311)
  175. score=0.6701  bbox=(44,0,162,88)
  176. score=0.6691  bbox=(305,61,423,149)
  177. score=0.6687  bbox=(87,207,234,317)
  178. score=0.6667  bbox=(131,0,367,177)
  179. score=0.6667  bbox=(198,211,345,321)
  180. score=0.6656  bbox=(172,257,290,345)
  181. score=0.6655  bbox=(444,244,591,354)
  182. score=0.6652  bbox=(387,260,505,348)
  183. score=0.6651  bbox=(64,164,300,341)
  184. score=0.6648  bbox=(444,269,591,379)
  185. score=0.6646  bbox=(142,0,319,132)
  186. score=0.6639  bbox=(255,229,373,317)
  187. score=0.6639  bbox=(134,0,252,88)
  188. score=0.6634  bbox=(142,169,319,301)
  189. score=0.6626  bbox=(112,167,318,322)
  190. score=0.6613  bbox=(153,0,359,155)
  191. score=0.6612  bbox=(157,5,304,115)
  192. score=0.6607  bbox=(346,61,464,149)
  193. score=0.6603  bbox=(202,55,349,165)
  194. score=0.6601  bbox=(406,243,553,353)
  195. score=0.6596  bbox=(193,24,370,156)
  196. score=0.6591  bbox=(141,19,377,196)
  197. score=0.6569  bbox=(175,165,293,253)
  198. score=0.6568  bbox=(160,150,307,260)
  199. score=0.6562  bbox=(473,228,591,316)
  200. score=0.6561  bbox=(296,31,414,119)
  201. score=0.6560  bbox=(152,201,329,333)
  202. score=0.6558  bbox=(208,27,355,137)
  203. score=0.6557  bbox=(432,229,550,317)
  204. score=0.6535  bbox=(153,61,359,216)
  205. score=0.6531  bbox=(208,237,355,347)
  206. score=0.6529  bbox=(0,224,118,312)
  207. score=0.6526  bbox=(359,242,506,352)
  208. score=0.6523  bbox=(257,36,375,124)
  209. score=0.6521  bbox=(5,201,182,333)
  210. score=0.6521  bbox=(319,237,466,347)
  211. score=0.6518  bbox=(149,111,326,243)
  212. score=0.6513  bbox=(219,61,337,149)
  213. score=0.6510  bbox=(102,153,338,330)
  214. score=0.6499  bbox=(5,0,123,88)
  215. score=0.6492  bbox=(261,254,379,342)
  216. score=0.6483  bbox=(8,158,303,379)
  217. score=0.6473  bbox=(220,34,338,122)
  218. score=0.6461  bbox=(412,259,589,391)
  219. score=0.6452  bbox=(118,59,413,280)
  220. score=0.6440  bbox=(180,0,357,132)
  221. score=0.6438  bbox=(435,294,553,382)

图片: A11.jpg
--------------------------------------------------
   1. score=0.6157  bbox=(153,223,257,323)
   2. score=0.6059  bbox=(187,223,291,323)
   3. score=0.5971  bbox=(154,252,258,352)
   4. score=0.5691  bbox=(191,259,295,359)
   5. score=0.5633  bbox=(182,205,312,330)
   6. score=0.5575  bbox=(176,233,306,358)
   7. score=0.5296  bbox=(227,258,331,358)
   8. score=0.5226  bbox=(146,200,276,325)
   9. score=0.5165  bbox=(138,237,268,362)
  10. score=0.5054  bbox=(162,220,318,370)
  11. score=0.4997  bbox=(166,194,322,344)
  12. score=0.4908  bbox=(212,208,342,333)
  13. score=0.4858  bbox=(230,213,334,313)
  14. score=0.4842  bbox=(215,235,345,360)
  15. score=0.4837  bbox=(117,216,221,316)
  16. score=0.4767  bbox=(139,195,295,345)
  17. score=0.4745  bbox=(101,207,231,332)
  18. score=0.4729  bbox=(140,224,296,374)
  19. score=0.4606  bbox=(111,257,215,357)
  20. score=0.4601  bbox=(166,249,322,399)
  21. score=0.4593  bbox=(172,272,302,397)
  22. score=0.4549  bbox=(198,190,354,340)
  23. score=0.4545  bbox=(142,195,324,370)
  24. score=0.4534  bbox=(197,224,353,374)
  25. score=0.4503  bbox=(151,288,255,388)
  26. score=0.4475  bbox=(103,241,233,366)
  27. score=0.4460  bbox=(187,187,291,287)
  28. score=0.4442  bbox=(94,196,250,346)
  29. score=0.4429  bbox=(133,161,315,336)
  30. score=0.4428  bbox=(164,155,346,330)
  31. score=0.4416  bbox=(103,224,259,374)
  32. score=0.4388  bbox=(179,196,361,371)
  33. score=0.4364  bbox=(171,160,327,310)
  34. score=0.4358  bbox=(137,268,267,393)
  35. score=0.4351  bbox=(266,217,370,317)
  36. score=0.4319  bbox=(157,184,261,284)
  37. score=0.4271  bbox=(111,198,293,373)
  38. score=0.4255  bbox=(246,201,376,326)
  39. score=0.4253  bbox=(264,250,368,350)
  40. score=0.4239  bbox=(186,292,290,392)
  41. score=0.4222  bbox=(133,161,289,311)
  42. score=0.4216  bbox=(74,207,204,332)
  43. score=0.4134  bbox=(100,164,282,339)
  44. score=0.4132  bbox=(145,236,327,411)
  45. score=0.4121  bbox=(213,269,343,394)
  46. score=0.4110  bbox=(198,200,380,375)
  47. score=0.4080  bbox=(172,165,302,290)
  48. score=0.4079  bbox=(197,162,379,337)
  49. score=0.4079  bbox=(144,168,274,293)
  50. score=0.4070  bbox=(229,196,385,346)
  51. score=0.4067  bbox=(118,184,326,384)
  52. score=0.4040  bbox=(99,248,255,398)
  53. score=0.4034  bbox=(167,185,375,385)
  54. score=0.4030  bbox=(176,235,358,410)
  55. score=0.4021  bbox=(133,150,341,350)
  56. score=0.4011  bbox=(101,157,309,357)
  57. score=0.4010  bbox=(159,150,367,350)
  58. score=0.4003  bbox=(225,294,329,394)
  59. score=0.3995  bbox=(199,254,355,404)
  60. score=0.3983  bbox=(67,165,249,340)
  61. score=0.3980  bbox=(67,195,249,370)
  62. score=0.3976  bbox=(132,261,288,411)
  63. score=0.3965  bbox=(96,184,304,384)
  64. score=0.3945  bbox=(231,229,387,379)
  65. score=0.3938  bbox=(98,155,254,305)
  66. score=0.3937  bbox=(164,201,372,401)
  67. score=0.3928  bbox=(65,198,221,348)
  68. score=0.3926  bbox=(187,181,395,381)
  69. score=0.3912  bbox=(109,165,239,290)
  70. score=0.3911  bbox=(195,153,351,303)
  71. score=0.3904  bbox=(392,376,522,501)
  72. score=0.3888  bbox=(136,255,318,430)
  73. score=0.3887  bbox=(286,202,416,327)
  74. score=0.3885  bbox=(165,137,347,312)
  75. score=0.3884  bbox=(108,236,290,411)
  76. score=0.3882  bbox=(360,373,490,498)
  77. score=0.3879  bbox=(76,220,258,395)
  78. score=0.3846  bbox=(157,127,365,327)
  79. score=0.3846  bbox=(118,216,326,416)
  80. score=0.3836  bbox=(69,225,225,375)
  81. score=0.3823  bbox=(119,126,327,326)
  82. score=0.3821  bbox=(375,365,479,465)
  83. score=0.3811  bbox=(255,245,385,370)
  84. score=0.3809  bbox=(94,206,302,406)
  85. score=0.3804  bbox=(366,346,522,496)
  86. score=0.3804  bbox=(303,219,407,319)
  87. score=0.3802  bbox=(418,401,522,501)
  88. score=0.3795  bbox=(119,179,223,279)
  89. score=0.3795  bbox=(104,269,234,394)
  90. score=0.3774  bbox=(68,174,276,374)
  91. score=0.3772  bbox=(129,230,337,430)
  92. score=0.3764  bbox=(234,187,416,362)
  93. score=0.3758  bbox=(361,346,491,471)
  94. score=0.3749  bbox=(70,237,200,362)
  95. score=0.3744  bbox=(75,173,205,298)
  96. score=0.3740  bbox=(0,401,104,501)
  97. score=0.3737  bbox=(166,232,374,432)
  98. score=0.3736  bbox=(188,141,396,341)
  99. score=0.3734  bbox=(58,159,266,359)
  100. score=0.3734  bbox=(189,213,397,413)
  101. score=0.3733  bbox=(385,324,489,424)
  102. score=0.3732  bbox=(225,157,381,307)
  103. score=0.3727  bbox=(385,296,489,396)
  104. score=0.3719  bbox=(202,236,384,411)
  105. score=0.3719  bbox=(282,240,412,365)
  106. score=0.3701  bbox=(170,284,326,434)
  107. score=0.3697  bbox=(388,338,518,463)
  108. score=0.3692  bbox=(215,164,345,289)
  109. score=0.3682  bbox=(175,262,357,437)
  110. score=0.3673  bbox=(416,361,520,461)
  111. score=0.3672  bbox=(229,179,333,279)
  112. score=0.3667  bbox=(60,159,216,309)
  113. score=0.3663  bbox=(265,227,421,377)
  114. score=0.3663  bbox=(380,397,484,497)
  115. score=0.3657  bbox=(71,223,175,323)
  116. score=0.3656  bbox=(269,196,425,346)
  117. score=0.3653  bbox=(223,208,431,408)
  118. score=0.3646  bbox=(328,351,484,501)
  119. score=0.3639  bbox=(229,178,437,378)
  120. score=0.3638  bbox=(42,170,224,345)
  121. score=0.3634  bbox=(182,237,390,437)
  122. score=0.3634  bbox=(33,401,137,501)
  123. score=0.3624  bbox=(184,240,445,490)
  124. score=0.3598  bbox=(100,134,282,309)
  125. score=0.3595  bbox=(54,208,262,408)
  126. score=0.3594  bbox=(34,172,242,372)
  127. score=0.3578  bbox=(95,120,303,320)
  128. score=0.3577  bbox=(155,251,416,501)
  129. score=0.3574  bbox=(264,225,446,400)
  130. score=0.3564  bbox=(190,223,451,473)
  131. score=0.3553  bbox=(39,200,221,375)
  132. score=0.3550  bbox=(320,375,450,500)
  133. score=0.3550  bbox=(162,218,423,468)
  134. score=0.3547  bbox=(216,154,424,354)
  135. score=0.3535  bbox=(144,127,326,302)
  136. score=0.3530  bbox=(267,189,449,364)
  137. score=0.3525  bbox=(362,275,492,400)
  138. score=0.3513  bbox=(242,234,424,409)
  139. score=0.3512  bbox=(156,170,417,420)
  140. score=0.3506  bbox=(297,251,453,401)
  141. score=0.3498  bbox=(65,133,247,308)
  142. score=0.3498  bbox=(296,222,452,372)
  143. score=0.3496  bbox=(91,248,299,448)
  144. score=0.3496  bbox=(338,213,442,313)
  145. score=0.3496  bbox=(235,249,496,499)
  146. score=0.3489  bbox=(344,362,448,462)
  147. score=0.3484  bbox=(115,290,219,390)
  148. score=0.3481  bbox=(345,398,449,498)
  149. score=0.3478  bbox=(194,178,455,428)
  150. score=0.3475  bbox=(36,218,140,318)
  151. score=0.3474  bbox=(83,248,344,498)
  152. score=0.3473  bbox=(75,258,257,433)
  153. score=0.3472  bbox=(306,350,462,500)
  154. score=0.3470  bbox=(244,177,452,377)
  155. score=0.3469  bbox=(340,326,522,501)
  156. score=0.3466  bbox=(112,250,373,500)
  157. score=0.3462  bbox=(360,324,516,474)
  158. score=0.3458  bbox=(246,157,428,332)
  159. score=0.3456  bbox=(140,144,401,394)
  160. score=0.3455  bbox=(264,162,420,312)
  161. score=0.3455  bbox=(34,194,190,344)
  162. score=0.3452  bbox=(104,265,286,440)
  163. score=0.3451  bbox=(209,244,417,444)
  164. score=0.3449  bbox=(345,289,449,389)
  165. score=0.3449  bbox=(245,273,375,398)
  166. score=0.3445  bbox=(261,178,365,278)
  167. score=0.3443  bbox=(192,283,348,433)
  168. score=0.3440  bbox=(63,187,324,437)
  169. score=0.3439  bbox=(56,122,264,322)
  170. score=0.3434  bbox=(413,324,517,424)
  171. score=0.3432  bbox=(68,151,329,401)
  172. score=0.3431  bbox=(284,271,414,396)
  173. score=0.3429  bbox=(65,240,273,440)
  174. score=0.3427  bbox=(105,184,366,434)
  175. score=0.3425  bbox=(28,203,236,403)
  176. score=0.3416  bbox=(280,204,488,404)
  177. score=0.3415  bbox=(184,134,445,384)
  178. score=0.3414  bbox=(258,251,519,501)
  179. score=0.3414  bbox=(253,218,461,418)
  180. score=0.3412  bbox=(50,223,311,473)
  181. score=0.3411  bbox=(21,157,229,357)
  182. score=0.3410  bbox=(1,213,105,313)
  183. score=0.3410  bbox=(254,166,384,291)
  184. score=0.3410  bbox=(278,189,486,389)
  185. score=0.3409  bbox=(87,217,348,467)
  186. score=0.3407  bbox=(210,204,471,454)
  187. score=0.3406  bbox=(101,134,362,384)
  188. score=0.3401  bbox=(102,215,363,465)
  189. score=0.3399  bbox=(43,228,225,403)
  190. score=0.3394  bbox=(35,242,296,492)
  191. score=0.3394  bbox=(392,278,522,403)
  192. score=0.3392  bbox=(239,261,395,411)
  193. score=0.3390  bbox=(140,288,296,438)
  194. score=0.3388  bbox=(35,233,243,433)
  195. score=0.3387  bbox=(294,184,450,334)
  196. score=0.3385  bbox=(42,179,303,429)
  197. score=0.3379  bbox=(119,273,327,473)
  198. score=0.3375  bbox=(305,221,487,396)
  199. score=0.3372  bbox=(360,312,490,437)
  200. score=0.3371  bbox=(12,251,273,501)
  201. score=0.3368  bbox=(390,309,520,434)
  202. score=0.3367  bbox=(30,127,238,327)
  203. score=0.3361  bbox=(305,323,487,498)
  204. score=0.3358  bbox=(341,333,445,433)
  205. score=0.3356  bbox=(45,139,306,389)
  206. score=0.3354  bbox=(159,118,420,368)
  207. score=0.3354  bbox=(74,178,178,278)
  208. score=0.3348  bbox=(272,261,454,436)
  209. score=0.3340  bbox=(366,257,522,407)
  210. score=0.3339  bbox=(273,300,481,500)
  211. score=0.3335  bbox=(0,374,130,499)
  212. score=0.3334  bbox=(71,114,332,364)
  213. score=0.3333  bbox=(313,301,521,501)
  214. score=0.3332  bbox=(261,261,417,411)
  215. score=0.3331  bbox=(96,267,304,467)
  216. score=0.3323  bbox=(319,199,449,324)
  217. score=0.3323  bbox=(9,185,217,385)
  218. score=0.3321  bbox=(37,207,167,332)
  219. score=0.3321  bbox=(178,111,386,311)
  220. score=0.3319  bbox=(292,280,500,480)
  221. score=0.3318  bbox=(252,248,460,448)

图片: A12.jpg
--------------------------------------------------
   1. score=0.5436  bbox=(335,92,418,217)
   2. score=0.5178  bbox=(333,136,416,261)
   3. score=0.4972  bbox=(29,279,112,404)
   4. score=0.4971  bbox=(314,88,418,244)
   5. score=0.4848  bbox=(333,180,416,305)
   6. score=0.4764  bbox=(334,42,417,167)
   7. score=0.4759  bbox=(310,132,414,288)
   8. score=0.4728  bbox=(306,133,389,258)
   9. score=0.4726  bbox=(59,278,142,403)
  10. score=0.4700  bbox=(313,171,417,327)
  11. score=0.4654  bbox=(31,313,114,438)
  12. score=0.4633  bbox=(332,0,415,125)
  13. score=0.4560  bbox=(183,222,266,347)
  14. score=0.4534  bbox=(30,223,113,348)
  15. score=0.4524  bbox=(2,221,85,346)
  16. score=0.4518  bbox=(2,253,106,409)
  17. score=0.4515  bbox=(24,305,128,461)
  18. score=0.4514  bbox=(23,257,127,413)
  19. score=0.4507  bbox=(1,210,105,366)
  20. score=0.4490  bbox=(314,44,418,200)
  21. score=0.4486  bbox=(301,177,384,302)
  22. score=0.4469  bbox=(307,97,390,222)
  23. score=0.4444  bbox=(290,124,415,311)
  24. score=0.4438  bbox=(1,303,105,459)
  25. score=0.4437  bbox=(3,280,128,467)
  26. score=0.4378  bbox=(291,84,416,271)
  27. score=0.4372  bbox=(182,273,265,398)
  28. score=0.4345  bbox=(6,248,131,435)
  29. score=0.4336  bbox=(57,312,140,437)
  30. score=0.4335  bbox=(20,277,145,464)
  31. score=0.4311  bbox=(0,203,125,390)
  32. score=0.4304  bbox=(25,335,129,491)
  33. score=0.4300  bbox=(27,364,110,489)
  34. score=0.4297  bbox=(289,129,393,285)
  35. score=0.4288  bbox=(61,230,144,355)
  36. score=0.4247  bbox=(0,268,83,393)
  37. score=0.4233  bbox=(89,275,172,400)
  38. score=0.4230  bbox=(293,162,418,349)
  39. score=0.4224  bbox=(290,32,415,219)
  40. score=0.4221  bbox=(31,208,135,364)
  41. score=0.4218  bbox=(148,222,231,347)
  42. score=0.4207  bbox=(310,3,414,159)
  43. score=0.4204  bbox=(61,257,165,413)
  44. score=0.4195  bbox=(217,221,300,346)
  45. score=0.4179  bbox=(22,230,147,417)
  46. score=0.4160  bbox=(270,124,395,311)
  47. score=0.4138  bbox=(54,271,179,458)
  48. score=0.4137  bbox=(270,125,416,344)
  49. score=0.4112  bbox=(335,224,418,349)
  50. score=0.4096  bbox=(0,315,83,440)
  51. score=0.4094  bbox=(266,86,412,305)
  52. score=0.4088  bbox=(59,370,142,495)
  53. score=0.4087  bbox=(166,219,270,375)
  54. score=0.4086  bbox=(1,324,126,511)
  55. score=0.4082  bbox=(4,249,150,468)
  56. score=0.4078  bbox=(285,84,389,240)
  57. score=0.4077  bbox=(81,257,185,413)
  58. score=0.4070  bbox=(273,176,356,301)
  59. score=0.4065  bbox=(281,169,385,325)
  60. score=0.4065  bbox=(3,344,107,500)
  61. score=0.4063  bbox=(272,45,418,264)
  62. score=0.4058  bbox=(271,10,417,229)
  63. score=0.4048  bbox=(5,200,151,419)
  64. score=0.4046  bbox=(27,312,152,499)
  65. score=0.4046  bbox=(62,215,166,371)
  66. score=0.4043  bbox=(3,289,149,508)
  67. score=0.4035  bbox=(150,277,233,402)
  68. score=0.4034  bbox=(25,245,171,464)
  69. score=0.4031  bbox=(214,274,297,399)
  70. score=0.4027  bbox=(271,154,396,341)
  71. score=0.4027  bbox=(23,196,148,383)
  72. score=0.4010  bbox=(6,226,173,476)
  73. score=0.3999  bbox=(144,210,248,366)
  74. score=0.3999  bbox=(27,408,110,533)
  75. score=0.3998  bbox=(251,86,418,336)
  76. score=0.3988  bbox=(59,246,184,433)
  77. score=0.3984  bbox=(57,306,161,462)
  78. score=0.3984  bbox=(88,230,171,355)
  79. score=0.3976  bbox=(291,1,416,188)
  80. score=0.3975  bbox=(31,288,177,507)
  81. score=0.3961  bbox=(31,210,177,429)
  82. score=0.3959  bbox=(202,177,306,333)
  83. score=0.3941  bbox=(32,378,136,534)
  84. score=0.3935  bbox=(211,184,294,309)
  85. score=0.3932  bbox=(24,235,191,485)
  86. score=0.3931  bbox=(22,260,189,510)
  87. score=0.3929  bbox=(0,197,167,447)
  88. score=0.3924  bbox=(0,257,167,507)
  89. score=0.3919  bbox=(75,274,221,493)
  90. score=0.3916  bbox=(182,188,265,313)
  91. score=0.3909  bbox=(0,159,125,346)
  92. score=0.3904  bbox=(171,258,275,414)
  93. score=0.3893  bbox=(0,169,146,388)
  94. score=0.3890  bbox=(168,171,272,327)
  95. score=0.3886  bbox=(1,356,126,543)
  96. score=0.3883  bbox=(56,283,202,502)
  97. score=0.3883  bbox=(50,195,175,382)
  98. score=0.3877  bbox=(247,102,414,352)
  99. score=0.3867  bbox=(4,367,87,492)
  100. score=0.3865  bbox=(0,315,146,534)
  101. score=0.3864  bbox=(200,215,304,371)
  102. score=0.3859  bbox=(17,196,184,446)
  103. score=0.3857  bbox=(209,0,418,313)
  104. score=0.3851  bbox=(308,0,391,125)
  105. score=0.3851  bbox=(59,250,205,469)
  106. score=0.3848  bbox=(246,112,392,331)
  107. score=0.3842  bbox=(2,379,106,535)
  108. score=0.3841  bbox=(1,163,105,319)
  109. score=0.3838  bbox=(56,337,160,493)
  110. score=0.3836  bbox=(160,154,285,341)
  111. score=0.3834  bbox=(225,175,329,331)
  112. score=0.3834  bbox=(89,207,193,363)
  113. score=0.3831  bbox=(251,26,418,276)
  114. score=0.3829  bbox=(244,0,411,250)
  115. score=0.3825  bbox=(51,211,197,430)
  116. score=0.3815  bbox=(266,81,391,268)
  117. score=0.3813  bbox=(55,317,180,504)
  118. score=0.3810  bbox=(209,35,418,348)
  119. score=0.3803  bbox=(90,314,173,439)
  120. score=0.3802  bbox=(80,238,205,425)
  121. score=0.3798  bbox=(292,190,417,377)
  122. score=0.3793  bbox=(162,207,287,394)
  123. score=0.3791  bbox=(48,270,215,520)
  124. score=0.3790  bbox=(255,168,359,324)
  125. score=0.3783  bbox=(85,277,210,464)
  126. score=0.3782  bbox=(137,250,241,406)
  127. score=0.3781  bbox=(46,225,213,475)
  128. score=0.3773  bbox=(84,205,209,392)
  129. score=0.3769  bbox=(77,268,244,518)
  130. score=0.3764  bbox=(307,42,390,167)
  131. score=0.3763  bbox=(83,300,187,456)
  132. score=0.3760  bbox=(8,299,175,549)
  133. score=0.3760  bbox=(60,404,143,529)
  134. score=0.3760  bbox=(278,133,361,258)
  135. score=0.3759  bbox=(30,171,134,327)
  136. score=0.3746  bbox=(122,224,205,349)
  137. score=0.3737  bbox=(25,165,171,384)
  138. score=0.3737  bbox=(241,180,324,305)
  139. score=0.3735  bbox=(84,249,230,468)
  140. score=0.3734  bbox=(2,193,211,506)
  141. score=0.3733  bbox=(270,162,416,381)
  142. score=0.3729  bbox=(31,458,114,583)
  143. score=0.3726  bbox=(85,197,231,416)
  144. score=0.3725  bbox=(27,363,152,550)
  145. score=0.3718  bbox=(7,219,216,532)
  146. score=0.3713  bbox=(17,305,184,555)
  147. score=0.3705  bbox=(82,224,249,474)
  148. score=0.3700  bbox=(127,201,252,388)
  149. score=0.3700  bbox=(216,156,341,343)
  150. score=0.3697  bbox=(196,263,300,419)
  151. score=0.3697  bbox=(313,216,417,372)
  152. score=0.3695  bbox=(149,188,232,313)
  153. score=0.3695  bbox=(24,324,170,543)
  154. score=0.3688  bbox=(240,89,386,308)
  155. score=0.3687  bbox=(133,165,258,352)
  156. score=0.3687  bbox=(4,177,87,302)
  157. score=0.3685  bbox=(31,189,240,502)
  158. score=0.3685  bbox=(141,171,245,327)
  159. score=0.3683  bbox=(30,256,239,569)
  160. score=0.3682  bbox=(4,154,171,404)
  161. score=0.3677  bbox=(49,190,216,440)
  162. score=0.3676  bbox=(184,163,309,350)
  163. score=0.3675  bbox=(81,193,248,443)
  164. score=0.3674  bbox=(267,33,392,220)
  165. score=0.3673  bbox=(184,192,309,379)
  166. score=0.3667  bbox=(60,186,143,311)
  167. score=0.3663  bbox=(103,202,228,389)
  168. score=0.3661  bbox=(82,161,228,380)
  169. score=0.3660  bbox=(153,242,278,429)
  170. score=0.3655  bbox=(124,273,207,398)
  171. score=0.3652  bbox=(59,163,184,350)
  172. score=0.3650  bbox=(30,159,155,346)
  173. score=0.3650  bbox=(32,181,115,306)
  174. score=0.3650  bbox=(58,167,204,386)
  175. score=0.3645  bbox=(251,148,418,398)
  176. score=0.3640  bbox=(183,0,392,313)
  177. score=0.3637  bbox=(84,336,188,492)
  178. score=0.3629  bbox=(109,216,213,372)
  179. score=0.3624  bbox=(39,238,248,551)
  180. score=0.3613  bbox=(217,81,384,331)
  181. score=0.3611  bbox=(285,46,389,202)
  182. score=0.3611  bbox=(33,433,137,589)
  183. score=0.3608  bbox=(0,278,209,591)
  184. score=0.3604  bbox=(59,450,142,575)
  185. score=0.3599  bbox=(234,159,359,346)
  186. score=0.3596  bbox=(93,217,260,467)
  187. score=0.3593  bbox=(94,364,177,489)
  188. score=0.3593  bbox=(58,273,267,586)
  189. score=0.3587  bbox=(2,405,127,592)
  190. score=0.3587  bbox=(48,321,194,540)
  191. score=0.3585  bbox=(229,33,396,283)
  192. score=0.3579  bbox=(226,0,393,250)
  193. score=0.3577  bbox=(57,153,224,403)
  194. score=0.3577  bbox=(224,212,328,368)
  195. score=0.3576  bbox=(80,155,205,342)
  196. score=0.3573  bbox=(53,169,157,325)
  197. score=0.3571  bbox=(96,191,263,441)
  198. score=0.3568  bbox=(102,154,227,341)
  199. score=0.3564  bbox=(214,198,339,385)
  200. score=0.3562  bbox=(157,157,303,376)
  201. score=0.3559  bbox=(289,0,393,156)
  202. score=0.3559  bbox=(249,160,395,379)
  203. score=0.3558  bbox=(83,318,208,505)
  204. score=0.3556  bbox=(252,133,356,289)
  205. score=0.3555  bbox=(48,364,173,551)
  206. score=0.3553  bbox=(111,234,236,421)
  207. score=0.3549  bbox=(102,170,248,389)
  208. score=0.3549  bbox=(103,238,249,457)
  209. score=0.3544  bbox=(117,253,221,409)
  210. score=0.3542  bbox=(111,194,257,413)
  211. score=0.3542  bbox=(244,117,369,304)
  212. score=0.3541  bbox=(154,3,237,128)
  213. score=0.3538  bbox=(182,2,265,127)
  214. score=0.3534  bbox=(131,242,256,429)
  215. score=0.3532  bbox=(0,365,146,584)
  216. score=0.3531  bbox=(0,146,209,459)
  217. score=0.3529  bbox=(232,147,399,397)
  218. score=0.3528  bbox=(206,84,415,397)
  219. score=0.3527  bbox=(111,276,236,463)
  220. score=0.3524  bbox=(91,187,174,312)
  221. score=0.3521  bbox=(246,0,392,219)

图片: A13.jpg
--------------------------------------------------
   1. score=0.5637  bbox=(63,474,151,592)
   2. score=0.5526  bbox=(29,474,117,592)
   3. score=0.5337  bbox=(4,474,92,592)
   4. score=0.5319  bbox=(95,474,183,592)
   5. score=0.5202  bbox=(4,444,114,592)
   6. score=0.5055  bbox=(32,442,142,590)
   7. score=0.4950  bbox=(63,444,173,592)
   8. score=0.4890  bbox=(0,411,132,588)
   9. score=0.4879  bbox=(65,430,153,548)
  10. score=0.4770  bbox=(125,471,213,589)
  11. score=0.4757  bbox=(90,440,200,588)
  12. score=0.4755  bbox=(35,433,123,551)
  13. score=0.4713  bbox=(3,385,157,592)
  14. score=0.4689  bbox=(4,399,114,547)
  15. score=0.4684  bbox=(0,435,88,553)
  16. score=0.4680  bbox=(1,381,133,558)
  17. score=0.4653  bbox=(194,473,282,591)
  18. score=0.4636  bbox=(34,415,166,592)
  19. score=0.4605  bbox=(225,474,313,592)
  20. score=0.4570  bbox=(158,474,246,592)
  21. score=0.4569  bbox=(62,409,172,557)
  22. score=0.4568  bbox=(96,426,184,544)
  23. score=0.4557  bbox=(258,2,346,120)
  24. score=0.4555  bbox=(55,415,187,592)
  25. score=0.4510  bbox=(61,256,149,374)
  26. score=0.4505  bbox=(289,5,377,123)
  27. score=0.4489  bbox=(29,259,117,377)
  28. score=0.4487  bbox=(35,400,145,548)
  29. score=0.4471  bbox=(186,444,296,592)
  30. score=0.4468  bbox=(23,379,177,586)
  31. score=0.4461  bbox=(31,2,119,120)
  32. score=0.4457  bbox=(61,3,149,121)
  33. score=0.4455  bbox=(29,301,117,419)
  34. score=0.4439  bbox=(61,302,149,420)
  35. score=0.4438  bbox=(90,415,222,592)
  36. score=0.4422  bbox=(1,356,177,592)
  37. score=0.4421  bbox=(30,379,162,556)
  38. score=0.4421  bbox=(0,370,110,518)
  39. score=0.4420  bbox=(0,318,176,554)
  40. score=0.4397  bbox=(0,390,88,508)
  41. score=0.4383  bbox=(318,0,406,118)
  42. score=0.4382  bbox=(1,307,155,514)
  43. score=0.4373  bbox=(3,296,224,592)
  44. score=0.4359  bbox=(4,340,158,547)
  45. score=0.4350  bbox=(100,256,188,374)
  46. score=0.4348  bbox=(30,278,140,426)
  47. score=0.4337  bbox=(115,438,225,586)
  48. score=0.4334  bbox=(56,384,210,591)
  49. score=0.4311  bbox=(94,399,204,547)
  50. score=0.4292  bbox=(5,343,137,520)
  51. score=0.4288  bbox=(211,441,321,589)
  52. score=0.4288  bbox=(0,0,88,118)
  53. score=0.4276  bbox=(229,428,317,546)
  54. score=0.4262  bbox=(28,324,204,560)
  55. score=0.4262  bbox=(8,281,184,517)
  56. score=0.4261  bbox=(97,296,185,414)
  57. score=0.4261  bbox=(22,316,176,523)
  58. score=0.4256  bbox=(1,269,133,446)
  59. score=0.4249  bbox=(0,299,88,417)
  60. score=0.4248  bbox=(5,288,115,436)
  61. score=0.4247  bbox=(189,426,277,544)
  62. score=0.4246  bbox=(23,296,244,592)
  63. score=0.4244  bbox=(53,377,185,554)
  64. score=0.4230  bbox=(56,289,166,437)
  65. score=0.4212  bbox=(35,246,145,394)
  66. score=0.4212  bbox=(30,356,206,592)
  67. score=0.4206  bbox=(155,438,265,586)
  68. score=0.4206  bbox=(125,425,213,543)
  69. score=0.4203  bbox=(27,366,137,514)
  70. score=0.4198  bbox=(65,384,153,502)
  71. score=0.4193  bbox=(275,1,385,149)
  72. score=0.4173  bbox=(4,299,136,476)
  73. score=0.4159  bbox=(23,270,155,447)
  74. score=0.4154  bbox=(0,254,88,372)
  75. score=0.4146  bbox=(60,249,170,397)
  76. score=0.4145  bbox=(31,337,185,544)
  77. score=0.4145  bbox=(354,2,442,120)
  78. score=0.4142  bbox=(86,385,240,592)
  79. score=0.4134  bbox=(70,288,291,584)
  80. score=0.4123  bbox=(32,382,120,500)
  81. score=0.4118  bbox=(261,472,349,590)
  82. score=0.4114  bbox=(0,245,221,541)
  83. score=0.4106  bbox=(60,317,236,553)
  84. score=0.4102  bbox=(74,323,250,559)
  85. score=0.4093  bbox=(24,307,156,484)
  86. score=0.4092  bbox=(4,236,114,384)
  87. score=0.4092  bbox=(25,2,135,150)
  88. score=0.4089  bbox=(56,0,166,148)
  89. score=0.4084  bbox=(86,286,196,434)
  90. score=0.4082  bbox=(297,4,407,152)
  91. score=0.4079  bbox=(54,354,208,561)
  92. score=0.4078  bbox=(84,369,216,546)
  93. score=0.4075  bbox=(64,312,218,519)
  94. score=0.4075  bbox=(32,347,164,524)
  95. score=0.4063  bbox=(0,260,154,467)
  96. score=0.4055  bbox=(55,356,231,592)
  97. score=0.4053  bbox=(241,443,351,591)
  98. score=0.4052  bbox=(87,286,308,582)
  99. score=0.4051  bbox=(31,274,207,510)
  100. score=0.4051  bbox=(74,293,250,529)
  101. score=0.4044  bbox=(160,431,248,549)
  102. score=0.4028  bbox=(327,0,437,148)
  103. score=0.4024  bbox=(115,407,247,584)
  104. score=0.4018  bbox=(1,220,133,397)
  105. score=0.4015  bbox=(86,249,196,397)
  106. score=0.4014  bbox=(56,264,277,560)
  107. score=0.4013  bbox=(57,263,189,440)
  108. score=0.4010  bbox=(76,356,252,592)
  109. score=0.3994  bbox=(165,410,297,587)
  110. score=0.3990  bbox=(79,349,233,556)
  111. score=0.3978  bbox=(0,229,154,436)
  112. score=0.3971  bbox=(121,404,231,552)
  113. score=0.3970  bbox=(49,275,225,511)
  114. score=0.3969  bbox=(27,274,181,481)
  115. score=0.3966  bbox=(0,2,110,150)
  116. score=0.3965  bbox=(5,248,181,484)
  117. score=0.3962  bbox=(286,263,374,381)
  118. score=0.3961  bbox=(192,415,324,592)
  119. score=0.3958  bbox=(182,408,292,556)
  120. score=0.3954  bbox=(51,340,183,517)
  121. score=0.3954  bbox=(80,303,234,510)
  122. score=0.3949  bbox=(145,408,277,585)
  123. score=0.3939  bbox=(54,307,186,484)
  124. score=0.3934  bbox=(91,266,312,562)
  125. score=0.3933  bbox=(28,245,249,541)
  126. score=0.3928  bbox=(96,5,184,123)
  127. score=0.3917  bbox=(0,321,110,469)
  128. score=0.3911  bbox=(30,225,162,402)
  129. score=0.3910  bbox=(318,260,406,378)
  130. score=0.3905  bbox=(224,0,312,118)
  131. score=0.3903  bbox=(81,344,213,521)
  132. score=0.3898  bbox=(110,328,286,564)
  133. score=0.3896  bbox=(354,298,442,416)
  134. score=0.3878  bbox=(33,211,121,329)
  135. score=0.3876  bbox=(256,253,344,371)
  136. score=0.3866  bbox=(59,358,169,506)
  137. score=0.3866  bbox=(29,321,139,469)
  138. score=0.3865  bbox=(325,297,413,415)
  139. score=0.3844  bbox=(56,273,210,480)
  140. score=0.3834  bbox=(0,219,221,515)
  141. score=0.3816  bbox=(62,234,194,411)
  142. score=0.3810  bbox=(58,258,234,494)
  143. score=0.3810  bbox=(22,223,176,430)
  144. score=0.3807  bbox=(58,320,168,468)
  145. score=0.3797  bbox=(86,270,218,447)
  146. score=0.3792  bbox=(105,356,281,592)
  147. score=0.3789  bbox=(292,41,380,159)
  148. score=0.3788  bbox=(118,379,272,586)
  149. score=0.3788  bbox=(320,41,408,159)
  150. score=0.3786  bbox=(283,0,415,177)
  151. score=0.3772  bbox=(354,261,442,379)
  152. score=0.3768  bbox=(103,275,279,511)
  153. score=0.3758  bbox=(228,261,316,379)
  154. score=0.3755  bbox=(30,245,206,481)
  155. score=0.3752  bbox=(2,210,90,328)
  156. score=0.3751  bbox=(155,399,265,547)
  157. score=0.3743  bbox=(81,276,235,483)
  158. score=0.3733  bbox=(120,290,341,586)
  159. score=0.3733  bbox=(32,38,120,156)
  160. score=0.3732  bbox=(113,373,245,550)
  161. score=0.3727  bbox=(145,385,299,592)
  162. score=0.3726  bbox=(0,210,176,446)
  163. score=0.3724  bbox=(93,47,181,165)
  164. score=0.3721  bbox=(237,5,347,153)
  165. score=0.3720  bbox=(63,214,151,332)
  166. score=0.3720  bbox=(84,294,216,471)
  167. score=0.3716  bbox=(29,197,139,345)
  168. score=0.3716  bbox=(97,388,185,506)
  169. score=0.3711  bbox=(32,0,164,177)
  170. score=0.3706  bbox=(130,262,218,380)
  171. score=0.3699  bbox=(53,237,207,444)
  172. score=0.3694  bbox=(114,301,268,508)
  173. score=0.3692  bbox=(0,195,110,343)
  174. score=0.3690  bbox=(134,293,310,529)
  175. score=0.3688  bbox=(116,343,270,550)
  176. score=0.3687  bbox=(258,426,346,544)
  177. score=0.3685  bbox=(4,199,158,406)
  178. score=0.3678  bbox=(64,48,152,166)
  179. score=0.3677  bbox=(89,360,199,508)
  180. score=0.3668  bbox=(252,0,384,177)
  181. score=0.3664  bbox=(209,402,319,550)
  182. score=0.3661  bbox=(96,220,184,338)
  183. score=0.3660  bbox=(330,283,440,431)
  184. score=0.3646  bbox=(156,263,244,381)
  185. score=0.3640  bbox=(0,187,132,364)
  186. score=0.3640  bbox=(73,251,249,487)
  187. score=0.3639  bbox=(194,255,282,373)
  188. score=0.3638  bbox=(138,331,314,567)
  189. score=0.3630  bbox=(93,317,203,465)
  190. score=0.3625  bbox=(4,2,136,179)
  191. score=0.3624  bbox=(230,415,362,592)
  192. score=0.3620  bbox=(4,348,92,466)
  193. score=0.3617  bbox=(84,228,216,405)
  194. score=0.3613  bbox=(310,8,442,185)
  195. score=0.3610  bbox=(117,285,227,433)
  196. score=0.3610  bbox=(271,444,381,592)
  197. score=0.3604  bbox=(89,2,199,150)
  198. score=0.3594  bbox=(25,220,201,456)
  199. score=0.3588  bbox=(151,291,327,527)
  200. score=0.3586  bbox=(130,301,218,419)
  201. score=0.3583  bbox=(221,296,442,592)
  202. score=0.3582  bbox=(133,356,309,592)
  203. score=0.3580  bbox=(148,310,302,517)
  204. score=0.3579  bbox=(160,296,381,592)
  205. score=0.3576  bbox=(332,327,442,475)
  206. score=0.3568  bbox=(353,44,441,162)
  207. score=0.3568  bbox=(21,209,242,505)
  208. score=0.3559  bbox=(262,285,438,521)
  209. score=0.3557  bbox=(152,328,328,564)
  210. score=0.3554  bbox=(115,240,225,388)
  211. score=0.3552  bbox=(353,343,441,461)
  212. score=0.3545  bbox=(291,301,379,419)
  213. score=0.3539  bbox=(112,266,244,443)
  214. score=0.3528  bbox=(25,197,179,404)
  215. score=0.3525  bbox=(310,298,442,475)
  216. score=0.3523  bbox=(175,380,307,557)
  217. score=0.3522  bbox=(288,302,442,509)
  218. score=0.3517  bbox=(353,382,441,500)
  219. score=0.3517  bbox=(274,245,384,393)
  220. score=0.3509  bbox=(141,352,295,559)
  221. score=0.3507  bbox=(199,285,420,581)

图片: A14.jpg
--------------------------------------------------
   1. score=0.8471  bbox=(45,0,170,83)
   2. score=0.8306  bbox=(4,0,129,83)
   3. score=0.8067  bbox=(97,0,222,83)
   4. score=0.7497  bbox=(0,1,156,105)
   5. score=0.7312  bbox=(134,3,259,86)
   6. score=0.7259  bbox=(35,4,191,108)
   7. score=0.7085  bbox=(84,0,240,104)
   8. score=0.6660  bbox=(46,30,171,113)
   9. score=0.6649  bbox=(228,305,353,388)
  10. score=0.6597  bbox=(0,30,125,113)
  11. score=0.6528  bbox=(187,307,312,390)
  12. score=0.6526  bbox=(32,0,220,125)
  13. score=0.6466  bbox=(0,3,188,128)
  14. score=0.6404  bbox=(127,0,283,104)
  15. score=0.6399  bbox=(188,0,313,83)
  16. score=0.6134  bbox=(82,0,270,125)
  17. score=0.6022  bbox=(175,313,331,417)
  18. score=0.5960  bbox=(217,312,373,416)
  19. score=0.5936  bbox=(135,311,291,415)
  20. score=0.5930  bbox=(178,280,334,384)
  21. score=0.5926  bbox=(0,1,219,146)
  22. score=0.5925  bbox=(231,334,356,417)
  23. score=0.5906  bbox=(178,272,303,355)
  24. score=0.5891  bbox=(184,334,309,417)
  25. score=0.5857  bbox=(96,33,221,116)
  26. score=0.5841  bbox=(140,307,265,390)
  27. score=0.5837  bbox=(133,334,258,417)
  28. score=0.5824  bbox=(212,281,368,385)
  29. score=0.5819  bbox=(37,0,256,145)
  30. score=0.5762  bbox=(0,30,156,134)
  31. score=0.5734  bbox=(169,0,325,104)
  32. score=0.5691  bbox=(135,280,291,384)
  33. score=0.5663  bbox=(151,289,339,414)
  34. score=0.5627  bbox=(231,270,356,353)
  35. score=0.5622  bbox=(46,31,202,135)
  36. score=0.5554  bbox=(124,287,312,412)
  37. score=0.5467  bbox=(9,24,197,149)
  38. score=0.5466  bbox=(233,2,358,85)
  39. score=0.5440  bbox=(2,0,252,166)
  40. score=0.5426  bbox=(120,6,308,131)
  41. score=0.5413  bbox=(74,4,293,149)
  42. score=0.5391  bbox=(203,292,391,417)
  43. score=0.5372  bbox=(164,265,352,390)
  44. score=0.5327  bbox=(86,292,274,417)
  45. score=0.5325  bbox=(31,0,281,166)
  46. score=0.5254  bbox=(140,31,265,114)
  47. score=0.5247  bbox=(159,0,347,125)
  48. score=0.5196  bbox=(209,0,365,104)
  49. score=0.5195  bbox=(168,252,324,356)
  50. score=0.5187  bbox=(122,267,341,412)
  51. score=0.5171  bbox=(66,0,316,166)
  52. score=0.5163  bbox=(86,334,211,417)
  53. score=0.5158  bbox=(117,263,305,388)
  54. score=0.5148  bbox=(263,308,419,412)
  55. score=0.5141  bbox=(197,263,385,388)
  56. score=0.5136  bbox=(81,312,237,416)
  57. score=0.5132  bbox=(207,251,363,355)
  58. score=0.5126  bbox=(275,331,400,414)
  59. score=0.5122  bbox=(0,21,219,166)
  60. score=0.5108  bbox=(166,272,385,417)
  61. score=0.5106  bbox=(92,32,248,136)
  62. score=0.5105  bbox=(136,273,261,356)
  63. score=0.5102  bbox=(275,301,400,384)
  64. score=0.5097  bbox=(231,290,419,415)
  65. score=0.5088  bbox=(112,4,331,149)
  66. score=0.5019  bbox=(76,269,295,414)
  67. score=0.5000  bbox=(46,30,234,155)
  68. score=0.4986  bbox=(48,334,173,417)
  69. score=0.4949  bbox=(275,0,400,83)
  70. score=0.4931  bbox=(253,284,409,388)
  71. score=0.4912  bbox=(84,269,272,394)
  72. score=0.4906  bbox=(316,331,441,414)
  73. score=0.4903  bbox=(160,240,348,365)
  74. score=0.4901  bbox=(200,272,419,417)
  75. score=0.4860  bbox=(127,244,346,389)
  76. score=0.4845  bbox=(48,311,204,415)
  77. score=0.4843  bbox=(10,0,323,208)
  78. score=0.4838  bbox=(154,0,373,145)
  79. score=0.4838  bbox=(123,256,279,360)
  80. score=0.4837  bbox=(119,251,369,417)
  81. score=0.4822  bbox=(87,251,337,417)
  82. score=0.4801  bbox=(74,30,262,155)
  83. score=0.4798  bbox=(89,284,245,388)
  84. score=0.4790  bbox=(156,245,375,390)
  85. score=0.4789  bbox=(179,26,304,109)
  86. score=0.4777  bbox=(51,56,176,139)
  87. score=0.4766  bbox=(42,292,230,417)
  88. score=0.4759  bbox=(48,25,267,170)
  89. score=0.4749  bbox=(203,0,391,125)
  90. score=0.4742  bbox=(5,334,130,417)
  91. score=0.4730  bbox=(0,311,156,415)
  92. score=0.4729  bbox=(0,25,250,191)
  93. score=0.4722  bbox=(46,0,359,208)
  94. score=0.4719  bbox=(126,239,314,364)
  95. score=0.4718  bbox=(292,310,448,414)
  96. score=0.4709  bbox=(197,239,385,364)
  97. score=0.4656  bbox=(42,21,292,187)
  98. score=0.4654  bbox=(36,270,255,415)
  99. score=0.4652  bbox=(197,249,416,394)
  100. score=0.4607  bbox=(86,302,211,385)
  101. score=0.4602  bbox=(0,292,188,417)
  102. score=0.4600  bbox=(78,242,297,387)
  103. score=0.4597  bbox=(183,251,433,417)
  104. score=0.4594  bbox=(111,8,361,174)
  105. score=0.4590  bbox=(152,243,402,409)
  106. score=0.4562  bbox=(251,2,407,106)
  107. score=0.4561  bbox=(131,33,287,137)
  108. score=0.4557  bbox=(28,251,278,417)
  109. score=0.4527  bbox=(366,334,491,417)
  110. score=0.4513  bbox=(270,289,458,414)
  111. score=0.4494  bbox=(141,233,391,399)
  112. score=0.4493  bbox=(107,224,357,390)
  113. score=0.4475  bbox=(244,261,432,386)
  114. score=0.4470  bbox=(230,0,418,125)
  115. score=0.4458  bbox=(414,334,539,417)
  116. score=0.4433  bbox=(0,59,125,142)
  117. score=0.4416  bbox=(44,304,169,387)
  118. score=0.4398  bbox=(145,5,395,171)
  119. score=0.4390  bbox=(65,225,315,391)
  120. score=0.4362  bbox=(248,266,467,411)
  121. score=0.4355  bbox=(121,217,340,362)
  122. score=0.4354  bbox=(124,29,312,154)
  123. score=0.4346  bbox=(2,272,221,417)
  124. score=0.4337  bbox=(109,17,359,183)
  125. score=0.4333  bbox=(230,251,480,417)
  126. score=0.4330  bbox=(12,244,262,410)
  127. score=0.4313  bbox=(36,289,192,393)
  128. score=0.4311  bbox=(0,21,313,229)
  129. score=0.4309  bbox=(2,302,127,385)
  130. score=0.4295  bbox=(78,26,328,192)
  131. score=0.4292  bbox=(93,57,218,140)
  132. score=0.4281  bbox=(129,22,348,167)
  133. score=0.4265  bbox=(178,242,303,325)
  134. score=0.4252  bbox=(166,30,322,134)
  135. score=0.4245  bbox=(502,0,627,83)
  136. score=0.4241  bbox=(35,56,191,160)
  137. score=0.4232  bbox=(40,48,228,173)
  138. score=0.4224  bbox=(88,32,307,177)
  139. score=0.4221  bbox=(120,0,433,208)
  140. score=0.4220  bbox=(93,7,406,215)
  141. score=0.4218  bbox=(0,57,156,161)
  142. score=0.4207  bbox=(158,25,346,150)
  143. score=0.4201  bbox=(155,213,374,358)
  144. score=0.4199  bbox=(0,207,313,415)
  145. score=0.4195  bbox=(461,334,586,417)
  146. score=0.4188  bbox=(84,234,272,359)
  147. score=0.4184  bbox=(77,203,390,411)
  148. score=0.4184  bbox=(81,261,237,365)
  149. score=0.4180  bbox=(251,251,407,355)
  150. score=0.4180  bbox=(48,262,236,387)
  151. score=0.4176  bbox=(278,273,403,356)
  152. score=0.4176  bbox=(243,248,462,393)
  153. score=0.4175  bbox=(44,199,357,407)
  154. score=0.4173  bbox=(316,299,441,382)
  155. score=0.4169  bbox=(195,219,445,385)
  156. score=0.4168  bbox=(27,224,277,390)
  157. score=0.4166  bbox=(213,221,432,366)
  158. score=0.4165  bbox=(115,202,365,368)
  159. score=0.4161  bbox=(132,209,445,417)
  160. score=0.4155  bbox=(348,311,504,415)
  161. score=0.4152  bbox=(3,55,191,180)
  162. score=0.4145  bbox=(323,0,448,83)
  163. score=0.4143  bbox=(141,206,391,372)
  164. score=0.4135  bbox=(218,224,468,390)
  165. score=0.4125  bbox=(37,238,256,383)
  166. score=0.4116  bbox=(213,5,432,150)
  167. score=0.4115  bbox=(271,271,459,396)
  168. score=0.4114  bbox=(199,0,449,166)
  169. score=0.4105  bbox=(77,214,296,359)
  170. score=0.4098  bbox=(8,231,258,397)
  171. score=0.4072  bbox=(499,29,624,112)
  172. score=0.4069  bbox=(170,209,483,417)
  173. score=0.4058  bbox=(0,45,250,211)
  174. score=0.4056  bbox=(502,333,627,416)
  175. score=0.4056  bbox=(86,196,336,362)
  176. score=0.4055  bbox=(240,0,459,145)
  177. score=0.4053  bbox=(424,313,580,417)
  178. score=0.4028  bbox=(6,271,194,396)
  179. score=0.4027  bbox=(118,218,306,343)
  180. score=0.4023  bbox=(32,176,345,384)
  181. score=0.4022  bbox=(42,205,292,371)
  182. score=0.4008  bbox=(306,0,462,104)
  183. score=0.4008  bbox=(234,244,359,327)
  184. score=0.4007  bbox=(284,272,503,417)
  185. score=0.4001  bbox=(328,292,516,417)
  186. score=0.4000  bbox=(382,308,538,412)
  187. score=0.4000  bbox=(0,282,156,386)
  188. score=0.3993  bbox=(470,0,626,104)
  189. score=0.3993  bbox=(97,273,222,356)
  190. score=0.3992  bbox=(10,181,323,389)
  191. score=0.3983  bbox=(165,224,321,328)
  192. score=0.3977  bbox=(207,218,395,343)
  193. score=0.3975  bbox=(243,234,431,359)
  194. score=0.3968  bbox=(213,226,369,330)
  195. score=0.3961  bbox=(163,212,351,337)
  196. score=0.3961  bbox=(282,0,470,125)
  197. score=0.3960  bbox=(168,21,387,166)
  198. score=0.3956  bbox=(221,0,471,166)
  199. score=0.3946  bbox=(94,182,407,390)
  200. score=0.3943  bbox=(43,30,356,238)
  201. score=0.3926  bbox=(132,245,257,328)
  202. score=0.3919  bbox=(471,28,627,132)
  203. score=0.3915  bbox=(306,285,462,389)
  204. score=0.3893  bbox=(140,186,453,394)
  205. score=0.3889  bbox=(0,58,219,203)
  206. score=0.3887  bbox=(471,313,627,417)
  207. score=0.3849  bbox=(45,55,264,200)
  208. score=0.3833  bbox=(82,183,332,349)
  209. score=0.3832  bbox=(129,226,285,330)
  210. score=0.3828  bbox=(225,205,475,371)
  211. score=0.3824  bbox=(272,248,522,414)
  212. score=0.3822  bbox=(439,0,627,125)
  213. score=0.3803  bbox=(165,180,478,388)
  214. score=0.3799  bbox=(452,33,577,116)
  215. score=0.3795  bbox=(139,27,389,193)
  216. score=0.3794  bbox=(187,0,500,208)
  217. score=0.3783  bbox=(193,193,443,359)
  218. score=0.3782  bbox=(81,60,237,164)
  219. score=0.3775  bbox=(239,209,552,417)
  220. score=0.3773  bbox=(39,214,258,359)
  221. score=0.3762  bbox=(76,50,295,195)

图片: A15.jpg
--------------------------------------------------
   1. score=0.6862  bbox=(357,41,476,178)
   2. score=0.6807  bbox=(380,41,475,151)
   3. score=0.6719  bbox=(325,39,444,176)
   4. score=0.6533  bbox=(292,41,411,178)
   5. score=0.6435  bbox=(345,38,440,148)
   6. score=0.6403  bbox=(314,38,409,148)
   7. score=0.6335  bbox=(377,77,472,187)
   8. score=0.6312  bbox=(281,42,376,152)
   9. score=0.6213  bbox=(259,37,378,174)
  10. score=0.6180  bbox=(334,37,476,202)
  11. score=0.5990  bbox=(332,5,474,170)
  12. score=0.5909  bbox=(315,77,410,187)
  13. score=0.5887  bbox=(241,44,336,154)
  14. score=0.5883  bbox=(350,82,445,192)
  15. score=0.5877  bbox=(297,34,439,199)
  16. score=0.5758  bbox=(227,35,346,172)
  17. score=0.5716  bbox=(0,0,95,110)
  18. score=0.5710  bbox=(2,0,144,165)
  19. score=0.5699  bbox=(270,41,412,206)
  20. score=0.5659  bbox=(274,78,369,188)
  21. score=0.5655  bbox=(381,2,476,112)
  22. score=0.5623  bbox=(33,2,128,112)
  23. score=0.5603  bbox=(195,43,314,180)
  24. score=0.5581  bbox=(304,0,446,165)
  25. score=0.5563  bbox=(2,39,121,176)
  26. score=0.5545  bbox=(303,0,469,192)
  27. score=0.5534  bbox=(353,0,472,137)
  28. score=0.5531  bbox=(0,3,119,140)
  29. score=0.5531  bbox=(30,0,172,165)
  30. score=0.5523  bbox=(279,0,421,165)
  31. score=0.5498  bbox=(0,77,95,187)
  32. score=0.5492  bbox=(32,81,127,191)
  33. score=0.5456  bbox=(36,40,155,177)
  34. score=0.5441  bbox=(248,42,390,207)
  35. score=0.5420  bbox=(328,0,447,137)
  36. score=0.5389  bbox=(66,3,161,113)
  37. score=0.5375  bbox=(285,8,451,200)
  38. score=0.5369  bbox=(60,39,179,176)
  39. score=0.5363  bbox=(343,0,438,110)
  40. score=0.5355  bbox=(33,4,152,141)
  41. score=0.5354  bbox=(0,0,166,192)
  42. score=0.5349  bbox=(311,5,406,115)
  43. score=0.5341  bbox=(219,36,361,201)
  44. score=0.5331  bbox=(286,37,452,229)
  45. score=0.5325  bbox=(357,78,476,215)
  46. score=0.5289  bbox=(69,45,164,155)
  47. score=0.5287  bbox=(33,0,199,192)
  48. score=0.5274  bbox=(292,3,411,140)
  49. score=0.5266  bbox=(94,35,213,172)
  50. score=0.5264  bbox=(310,44,476,236)
  51. score=0.5261  bbox=(211,37,306,147)
  52. score=0.5255  bbox=(65,8,207,173)
  53. score=0.5244  bbox=(319,73,438,210)
  54. score=0.5218  bbox=(235,5,377,170)
  55. score=0.5206  bbox=(239,76,334,186)
  56. score=0.5202  bbox=(170,81,265,191)
  57. score=0.5198  bbox=(178,33,320,198)
  58. score=0.5178  bbox=(141,77,236,187)
  59. score=0.5166  bbox=(101,83,196,193)
  60. score=0.5149  bbox=(211,76,306,186)
  61. score=0.5146  bbox=(248,4,414,196)
  62. score=0.5121  bbox=(100,44,195,154)
  63. score=0.5118  bbox=(175,44,270,154)
  64. score=0.5115  bbox=(0,38,95,148)
  65. score=0.5114  bbox=(161,36,280,173)
  66. score=0.5111  bbox=(255,41,421,233)
  67. score=0.5091  bbox=(148,39,290,204)
  68. score=0.5091  bbox=(124,36,243,173)
  69. score=0.5087  bbox=(70,84,165,194)
  70. score=0.5084  bbox=(68,0,187,137)
  71. score=0.5071  bbox=(278,2,373,112)
  72. score=0.5070  bbox=(34,35,129,145)
  73. score=0.5068  bbox=(90,2,232,167)
  74. score=0.5048  bbox=(92,41,234,206)
  75. score=0.5046  bbox=(259,5,378,142)
  76. score=0.5043  bbox=(284,0,474,220)
  77. score=0.5038  bbox=(180,36,346,228)
  78. score=0.4993  bbox=(20,0,210,220)
  79. score=0.4985  bbox=(68,5,234,197)
  80. score=0.4980  bbox=(94,0,260,192)
  81. score=0.4979  bbox=(3,0,193,220)
  82. score=0.4977  bbox=(60,34,202,199)
  83. score=0.4968  bbox=(223,41,389,233)
  84. score=0.4961  bbox=(103,5,198,115)
  85. score=0.4954  bbox=(288,80,407,217)
  86. score=0.4952  bbox=(214,0,356,165)
  87. score=0.4949  bbox=(3,71,122,208)
  88. score=0.4944  bbox=(93,70,212,207)
  89. score=0.4936  bbox=(213,0,379,192)
  90. score=0.4935  bbox=(175,124,270,234)
  91. score=0.4908  bbox=(4,39,146,204)
  92. score=0.4905  bbox=(281,41,471,261)
  93. score=0.4904  bbox=(161,34,327,226)
  94. score=0.4900  bbox=(126,79,245,216)
  95. score=0.4899  bbox=(381,115,476,225)
  96. score=0.4899  bbox=(102,0,221,137)
  97. score=0.4864  bbox=(179,5,345,197)
  98. score=0.4864  bbox=(141,41,236,151)
  99. score=0.4864  bbox=(259,0,449,220)
  100. score=0.4863  bbox=(157,74,276,211)
  101. score=0.4856  bbox=(121,27,263,192)
  102. score=0.4835  bbox=(170,39,360,259)
  103. score=0.4833  bbox=(188,62,330,227)
  104. score=0.4829  bbox=(90,63,232,228)
  105. score=0.4825  bbox=(35,41,177,206)
  106. score=0.4825  bbox=(263,77,382,214)
  107. score=0.4814  bbox=(260,30,450,250)
  108. score=0.4812  bbox=(56,3,246,223)
  109. score=0.4806  bbox=(241,0,336,110)
  110. score=0.4795  bbox=(119,40,285,232)
  111. score=0.4786  bbox=(118,5,260,170)
  112. score=0.4777  bbox=(92,35,258,227)
  113. score=0.4776  bbox=(162,7,328,199)
  114. score=0.4773  bbox=(187,0,329,165)
  115. score=0.4773  bbox=(139,0,234,110)
  116. score=0.4767  bbox=(125,5,291,197)
  117. score=0.4764  bbox=(138,117,233,227)
  118. score=0.4762  bbox=(63,44,229,236)
  119. score=0.4762  bbox=(223,81,342,218)
  120. score=0.4758  bbox=(35,74,154,211)
  121. score=0.4752  bbox=(236,2,426,222)
  122. score=0.4736  bbox=(199,80,318,217)
  123. score=0.4734  bbox=(174,0,364,220)
  124. score=0.4728  bbox=(180,41,418,316)
  125. score=0.4720  bbox=(332,76,474,241)
  126. score=0.4720  bbox=(149,68,291,233)
  127. score=0.4716  bbox=(237,26,427,246)
  128. score=0.4697  bbox=(146,0,288,165)
  129. score=0.4695  bbox=(225,0,344,137)
  130. score=0.4684  bbox=(111,41,301,261)
  131. score=0.4683  bbox=(151,33,341,253)
  132. score=0.4680  bbox=(88,4,278,224)
  133. score=0.4671  bbox=(116,0,306,220)
  134. score=0.4670  bbox=(56,43,246,263)
  135. score=0.4667  bbox=(205,44,395,264)
  136. score=0.4667  bbox=(176,163,271,273)
  137. score=0.4662  bbox=(110,42,348,317)
  138. score=0.4647  bbox=(24,34,190,226)
  139. score=0.4641  bbox=(140,0,330,220)
  140. score=0.4639  bbox=(0,0,238,275)
  141. score=0.4634  bbox=(62,77,181,214)
  142. score=0.4621  bbox=(120,72,262,237)
  143. score=0.4617  bbox=(310,65,476,257)
  144. score=0.4615  bbox=(102,117,197,227)
  145. score=0.4599  bbox=(193,9,383,229)
  146. score=0.4592  bbox=(38,65,204,257)
  147. score=0.4584  bbox=(128,0,247,137)
  148. score=0.4583  bbox=(307,75,449,240)
  149. score=0.4580  bbox=(233,30,471,305)
  150. score=0.4576  bbox=(128,108,247,245)
  151. score=0.4572  bbox=(57,76,199,241)
  152. score=0.4571  bbox=(139,33,377,308)
  153. score=0.4570  bbox=(203,47,441,322)
  154. score=0.4562  bbox=(194,6,313,143)
  155. score=0.4559  bbox=(160,116,279,253)
  156. score=0.4558  bbox=(32,59,222,279)
  157. score=0.4557  bbox=(30,33,220,253)
  158. score=0.4555  bbox=(203,0,298,110)
  159. score=0.4552  bbox=(1,33,167,225)
  160. score=0.4551  bbox=(24,49,262,324)
  161. score=0.4549  bbox=(79,29,269,249)
  162. score=0.4533  bbox=(94,76,260,268)
  163. score=0.4505  bbox=(30,6,268,281)
  164. score=0.4502  bbox=(67,71,233,263)
  165. score=0.4501  bbox=(6,39,196,259)
  166. score=0.4497  bbox=(186,72,352,264)
  167. score=0.4491  bbox=(2,42,240,317)
  168. score=0.4481  bbox=(171,5,266,115)
  169. score=0.4471  bbox=(149,144,291,309)
  170. score=0.4467  bbox=(131,152,250,289)
  171. score=0.4463  bbox=(71,28,309,303)
  172. score=0.4461  bbox=(125,74,291,266)
  173. score=0.4460  bbox=(212,62,378,254)
  174. score=0.4459  bbox=(269,76,411,241)
  175. score=0.4458  bbox=(152,80,318,272)
  176. score=0.4457  bbox=(214,74,356,239)
  177. score=0.4452  bbox=(100,108,219,245)
  178. score=0.4447  bbox=(48,69,238,289)
  179. score=0.4446  bbox=(159,0,278,137)
  180. score=0.4444  bbox=(101,0,339,275)
  181. score=0.4442  bbox=(170,0,408,275)
  182. score=0.4439  bbox=(125,137,267,302)
  183. score=0.4436  bbox=(137,163,232,273)
  184. score=0.4427  bbox=(161,67,399,342)
  185. score=0.4423  bbox=(0,74,142,239)
  186. score=0.4419  bbox=(165,69,355,289)
  187. score=0.4416  bbox=(131,0,369,275)
  188. score=0.4411  bbox=(160,154,279,291)
  189. score=0.4409  bbox=(254,58,444,278)
  190. score=0.4403  bbox=(238,3,476,278)
  191. score=0.4402  bbox=(72,9,310,284)
  192. score=0.4389  bbox=(236,75,378,240)
  193. score=0.4389  bbox=(142,93,332,313)
  194. score=0.4381  bbox=(151,107,293,272)
  195. score=0.4379  bbox=(88,73,278,293)
  196. score=0.4369  bbox=(277,63,467,283)
  197. score=0.4367  bbox=(113,76,303,296)
  198. score=0.4356  bbox=(150,71,340,291)
  199. score=0.4350  bbox=(173,203,268,313)
  200. score=0.4349  bbox=(178,136,320,301)
  201. score=0.4347  bbox=(124,109,266,274)
  202. score=0.4347  bbox=(357,107,476,244)
  203. score=0.4339  bbox=(124,114,290,306)
  204. score=0.4337  bbox=(184,101,326,266)
  205. score=0.4336  bbox=(109,108,299,328)
  206. score=0.4333  bbox=(87,105,253,297)
  207. score=0.4333  bbox=(90,132,232,297)
  208. score=0.4327  bbox=(344,121,439,231)
  209. score=0.4327  bbox=(87,106,277,326)
  210. score=0.4326  bbox=(173,109,363,329)
  211. score=0.4325  bbox=(87,110,229,275)
  212. score=0.4322  bbox=(210,4,448,279)
  213. score=0.4318  bbox=(3,67,169,259)
  214. score=0.4312  bbox=(138,75,376,350)
  215. score=0.4308  bbox=(314,118,409,228)
  216. score=0.4304  bbox=(131,148,297,340)
  217. score=0.4303  bbox=(149,149,315,341)
  218. score=0.4301  bbox=(0,74,190,294)
  219. score=0.4297  bbox=(160,113,326,305)
  220. score=0.4289  bbox=(33,78,175,243)
  221. score=0.4288  bbox=(276,116,371,226)

图片: A16.jpg
--------------------------------------------------
   1. score=0.7838  bbox=(260,0,378,88)
   2. score=0.7069  bbox=(300,0,418,88)
   3. score=0.6981  bbox=(473,3,591,91)
   4. score=0.6969  bbox=(87,0,205,88)
   5. score=0.6934  bbox=(44,0,162,88)
   6. score=0.6891  bbox=(236,0,383,110)
   7. score=0.6826  bbox=(42,0,189,110)
   8. score=0.6796  bbox=(45,32,163,120)
   9. score=0.6794  bbox=(2,0,179,132)
  10. score=0.6767  bbox=(42,26,189,136)
  11. score=0.6762  bbox=(29,6,206,138)
  12. score=0.6734  bbox=(0,0,147,110)
  13. score=0.6730  bbox=(78,0,225,110)
  14. score=0.6720  bbox=(212,0,330,88)
  15. score=0.6708  bbox=(5,0,123,88)
  16. score=0.6590  bbox=(195,0,342,110)
  17. score=0.6570  bbox=(89,32,207,120)
  18. score=0.6551  bbox=(83,0,260,132)
  19. score=0.6496  bbox=(180,0,357,132)
  20. score=0.6496  bbox=(2,32,149,142)
  21. score=0.6490  bbox=(106,0,283,132)
  22. score=0.6485  bbox=(142,0,319,132)
  23. score=0.6475  bbox=(0,32,118,120)
  24. score=0.6472  bbox=(444,0,591,110)
  25. score=0.6469  bbox=(73,32,220,142)
  26. score=0.6382  bbox=(430,0,548,88)
  27. score=0.6358  bbox=(257,36,375,124)
  28. score=0.6352  bbox=(224,4,401,136)
  29. score=0.6350  bbox=(124,0,330,155)
  30. score=0.6339  bbox=(134,0,252,88)
  31. score=0.6328  bbox=(85,0,291,155)
  32. score=0.6294  bbox=(153,0,359,155)
  33. score=0.6288  bbox=(125,0,272,110)
  34. score=0.6264  bbox=(0,0,206,155)
  35. score=0.6245  bbox=(157,5,304,115)
  36. score=0.6241  bbox=(28,2,234,157)
  37. score=0.6183  bbox=(288,0,435,110)
  38. score=0.6133  bbox=(208,27,355,137)
  39. score=0.6107  bbox=(4,286,122,374)
  40. score=0.6084  bbox=(176,1,294,89)
  41. score=0.6068  bbox=(473,31,591,119)
  42. score=0.6051  bbox=(38,62,156,150)
  43. score=0.6050  bbox=(43,259,161,347)
  44. score=0.6044  bbox=(260,0,437,132)
  45. score=0.6029  bbox=(220,34,338,122)
  46. score=0.6023  bbox=(81,24,258,156)
  47. score=0.5992  bbox=(247,33,394,143)
  48. score=0.5974  bbox=(190,6,396,161)
  49. score=0.5968  bbox=(123,35,270,145)
  50. score=0.5963  bbox=(164,29,311,139)
  51. score=0.5949  bbox=(108,25,285,157)
  52. score=0.5941  bbox=(0,262,118,350)
  53. score=0.5940  bbox=(219,61,337,149)
  54. score=0.5934  bbox=(193,24,370,156)
  55. score=0.5921  bbox=(75,0,311,177)
  56. score=0.5918  bbox=(115,0,351,177)
  57. score=0.5885  bbox=(44,222,162,310)
  58. score=0.5883  bbox=(131,0,367,177)
  59. score=0.5856  bbox=(223,2,429,157)
  60. score=0.5812  bbox=(134,29,252,117)
  61. score=0.5802  bbox=(0,32,177,164)
  62. score=0.5792  bbox=(414,0,591,132)
  63. score=0.5776  bbox=(32,34,209,166)
  64. score=0.5773  bbox=(296,31,414,119)
  65. score=0.5746  bbox=(173,67,291,155)
  66. score=0.5745  bbox=(91,65,209,153)
  67. score=0.5715  bbox=(6,240,153,350)
  68. score=0.5688  bbox=(133,62,251,150)
  69. score=0.5686  bbox=(28,6,264,183)
  70. score=0.5682  bbox=(406,0,553,110)
  71. score=0.5667  bbox=(303,0,480,132)
  72. score=0.5656  bbox=(279,27,426,137)
  73. score=0.5609  bbox=(4,7,240,184)
  74. score=0.5606  bbox=(319,0,466,110)
  75. score=0.5586  bbox=(151,34,328,166)
  76. score=0.5573  bbox=(0,268,147,378)
  77. score=0.5547  bbox=(69,24,275,179)
  78. score=0.5542  bbox=(0,63,118,151)
  79. score=0.5530  bbox=(275,3,481,158)
  80. score=0.5524  bbox=(0,25,206,180)
  81. score=0.5508  bbox=(337,0,514,132)
  82. score=0.5501  bbox=(36,241,183,351)
  83. score=0.5500  bbox=(173,6,409,183)
  84. score=0.5451  bbox=(170,35,288,123)
  85. score=0.5451  bbox=(345,1,463,89)
  86. score=0.5450  bbox=(368,2,545,134)
  87. score=0.5449  bbox=(37,28,243,183)
  88. score=0.5445  bbox=(151,25,357,180)
  89. score=0.5441  bbox=(186,22,392,177)
  90. score=0.5438  bbox=(219,34,396,166)
  91. score=0.5438  bbox=(44,211,191,321)
  92. score=0.5434  bbox=(122,55,269,165)
  93. score=0.5422  bbox=(202,55,349,165)
  94. score=0.5393  bbox=(55,0,350,221)
  95. score=0.5369  bbox=(349,0,555,155)
  96. score=0.5351  bbox=(14,2,309,223)
  97. score=0.5350  bbox=(0,216,147,326)
  98. score=0.5350  bbox=(208,4,444,181)
  99. score=0.5329  bbox=(311,4,517,159)
  100. score=0.5324  bbox=(141,19,377,196)
  101. score=0.5317  bbox=(124,32,330,187)
  102. score=0.5309  bbox=(279,0,515,177)
  103. score=0.5304  bbox=(84,222,202,310)
  104. score=0.5268  bbox=(441,29,588,139)
  105. score=0.5263  bbox=(255,68,373,156)
  106. score=0.5259  bbox=(258,31,435,163)
  107. score=0.5255  bbox=(0,231,177,363)
  108. score=0.5254  bbox=(256,3,492,180)
  109. score=0.5227  bbox=(5,201,182,333)
  110. score=0.5226  bbox=(428,31,546,119)
  111. score=0.5225  bbox=(308,0,544,177)
  112. score=0.5203  bbox=(72,10,367,231)
  113. score=0.5203  bbox=(162,62,309,172)
  114. score=0.5183  bbox=(39,65,186,175)
  115. score=0.5179  bbox=(362,4,509,114)
  116. score=0.5171  bbox=(82,64,229,174)
  117. score=0.5145  bbox=(105,30,341,207)
  118. score=0.5132  bbox=(36,186,183,296)
  119. score=0.5126  bbox=(42,53,219,185)
  120. score=0.5121  bbox=(385,5,591,160)
  121. score=0.5078  bbox=(39,190,157,278)
  122. score=0.5070  bbox=(41,33,277,210)
  123. score=0.5054  bbox=(0,32,236,209)
  124. score=0.5051  bbox=(64,34,300,211)
  125. score=0.5050  bbox=(1,63,148,173)
  126. score=0.5050  bbox=(3,321,121,409)
  127. score=0.5048  bbox=(1,53,178,185)
  128. score=0.5036  bbox=(82,57,259,189)
  129. score=0.5018  bbox=(0,224,118,312)
  130. score=0.5007  bbox=(47,290,165,378)
  131. score=0.5001  bbox=(385,0,503,88)
  132. score=0.4992  bbox=(4,255,181,387)
  133. score=0.4991  bbox=(194,52,371,184)
  134. score=0.4981  bbox=(169,96,287,184)
  135. score=0.4959  bbox=(154,56,331,188)
  136. score=0.4950  bbox=(138,6,433,227)
  137. score=0.4950  bbox=(6,23,301,244)
  138. score=0.4941  bbox=(163,0,458,221)
  139. score=0.4934  bbox=(407,29,554,139)
  140. score=0.4917  bbox=(39,269,186,379)
  141. score=0.4908  bbox=(116,61,293,193)
  142. score=0.4896  bbox=(0,202,206,357)
  143. score=0.4878  bbox=(355,6,591,183)
  144. score=0.4876  bbox=(90,95,208,183)
  145. score=0.4845  bbox=(249,61,396,171)
  146. score=0.4842  bbox=(258,0,553,221)
  147. score=0.4835  bbox=(132,95,250,183)
  148. score=0.4831  bbox=(85,190,203,278)
  149. score=0.4828  bbox=(186,26,422,203)
  150. score=0.4826  bbox=(222,35,428,190)
  151. score=0.4810  bbox=(44,97,162,185)
  152. score=0.4808  bbox=(217,21,453,198)
  153. score=0.4801  bbox=(6,49,242,226)
  154. score=0.4795  bbox=(0,185,147,295)
  155. score=0.4793  bbox=(43,57,249,212)
  156. score=0.4782  bbox=(70,58,276,213)
  157. score=0.4778  bbox=(74,86,221,196)
  158. score=0.4778  bbox=(158,85,305,195)
  159. score=0.4777  bbox=(306,29,483,161)
  160. score=0.4768  bbox=(201,2,496,223)
  161. score=0.4763  bbox=(43,193,220,325)
  162. score=0.4759  bbox=(327,29,474,139)
  163. score=0.4755  bbox=(0,55,206,210)
  164. score=0.4754  bbox=(216,98,334,186)
  165. score=0.4749  bbox=(305,61,423,149)
  166. score=0.4747  bbox=(374,23,551,155)
  167. score=0.4746  bbox=(35,55,271,232)
  168. score=0.4711  bbox=(0,170,177,302)
  169. score=0.4697  bbox=(124,93,271,203)
  170. score=0.4692  bbox=(108,62,314,217)
  171. score=0.4692  bbox=(287,56,434,166)
  172. score=0.4692  bbox=(34,90,211,222)
  173. score=0.4685  bbox=(42,94,189,204)
  174. score=0.4682  bbox=(31,41,326,262)
  175. score=0.4676  bbox=(43,230,220,362)
  176. score=0.4665  bbox=(87,258,205,346)
  177. score=0.4662  bbox=(296,3,591,224)
  178. score=0.4659  bbox=(244,24,480,201)
  179. score=0.4659  bbox=(0,234,206,389)
  180. score=0.4657  bbox=(78,55,314,232)
  181. score=0.4656  bbox=(0,85,147,195)
  182. score=0.4654  bbox=(38,81,244,236)
  183. score=0.4643  bbox=(313,25,519,180)
  184. score=0.4642  bbox=(364,26,511,136)
  185. score=0.4635  bbox=(0,80,177,212)
  186. score=0.4626  bbox=(0,83,206,238)
  187. score=0.4611  bbox=(76,40,371,261)
  188. score=0.4603  bbox=(338,29,515,161)
  189. score=0.4598  bbox=(108,89,285,221)
  190. score=0.4597  bbox=(255,54,432,186)
  191. score=0.4568  bbox=(183,52,389,207)
  192. score=0.4568  bbox=(0,93,118,181)
  193. score=0.4565  bbox=(414,33,591,165)
  194. score=0.4558  bbox=(273,35,479,190)
  195. score=0.4555  bbox=(75,90,252,222)
  196. score=0.4548  bbox=(4,279,181,411)
  197. score=0.4545  bbox=(218,62,395,194)
  198. score=0.4513  bbox=(1,77,237,254)
  199. score=0.4510  bbox=(0,189,118,277)
  200. score=0.4508  bbox=(41,83,277,260)
  201. score=0.4505  bbox=(0,165,206,320)
  202. score=0.4503  bbox=(105,60,341,237)
  203. score=0.4496  bbox=(153,61,359,216)
  204. score=0.4486  bbox=(325,21,561,198)
  205. score=0.4470  bbox=(36,164,213,296)
  206. score=0.4455  bbox=(7,306,154,416)
  207. score=0.4444  bbox=(80,88,286,243)
  208. score=0.4441  bbox=(207,90,354,200)
  209. score=0.4441  bbox=(342,29,548,184)
  210. score=0.4433  bbox=(118,38,413,259)
  211. score=0.4430  bbox=(149,85,326,217)
  212. score=0.4428  bbox=(346,61,464,149)
  213. score=0.4425  bbox=(87,207,234,317)
  214. score=0.4412  bbox=(290,29,526,206)
  215. score=0.4409  bbox=(140,56,376,233)
  216. score=0.4405  bbox=(0,194,236,371)
  217. score=0.4404  bbox=(0,204,236,381)
  218. score=0.4392  bbox=(75,181,222,291)
  219. score=0.4391  bbox=(0,107,177,239)
  220. score=0.4354  bbox=(63,85,299,262)
  221. score=0.4344  bbox=(12,67,307,288)

图片: A17.jpg
--------------------------------------------------
   1. score=0.4531  bbox=(61,302,149,420)
   2. score=0.4501  bbox=(29,301,117,419)
   3. score=0.4428  bbox=(30,278,140,426)
   4. score=0.4369  bbox=(0,299,88,417)
   5. score=0.4232  bbox=(4,348,92,466)
   6. score=0.4130  bbox=(64,346,152,464)
   7. score=0.4120  bbox=(56,289,166,437)
   8. score=0.4111  bbox=(33,348,121,466)
   9. score=0.4107  bbox=(23,270,155,447)
  10. score=0.4096  bbox=(97,296,185,414)
  11. score=0.4089  bbox=(29,321,139,469)
  12. score=0.4089  bbox=(5,288,115,436)
  13. score=0.4033  bbox=(4,299,136,476)
  14. score=0.4028  bbox=(24,307,156,484)
  15. score=0.4019  bbox=(35,246,145,394)
  16. score=0.4016  bbox=(1,269,133,446)
  17. score=0.3971  bbox=(117,285,227,433)
  18. score=0.3971  bbox=(86,286,196,434)
  19. score=0.3943  bbox=(27,274,181,481)
  20. score=0.3938  bbox=(60,249,170,397)
  21. score=0.3928  bbox=(0,321,110,469)
  22. score=0.3920  bbox=(58,320,168,468)
  23. score=0.3905  bbox=(29,259,117,377)
  24. score=0.3889  bbox=(95,339,183,457)
  25. score=0.3888  bbox=(27,366,137,514)
  26. score=0.3879  bbox=(84,294,216,471)
  27. score=0.3872  bbox=(61,256,149,374)
  28. score=0.3863  bbox=(119,317,229,465)
  29. score=0.3861  bbox=(81,276,235,483)
  30. score=0.3854  bbox=(57,263,189,440)
  31. score=0.3849  bbox=(130,301,218,419)
  32. score=0.3845  bbox=(0,260,154,467)
  33. score=0.3837  bbox=(54,307,186,484)
  34. score=0.3829  bbox=(84,228,216,405)
  35. score=0.3823  bbox=(5,343,137,520)
  36. score=0.3821  bbox=(86,270,218,447)
  37. score=0.3809  bbox=(62,234,194,411)
  38. score=0.3808  bbox=(32,347,164,524)
  39. score=0.3807  bbox=(1,307,155,514)
  40. score=0.3806  bbox=(30,225,162,402)
  41. score=0.3806  bbox=(59,358,169,506)
  42. score=0.3797  bbox=(112,266,244,443)
  43. score=0.3793  bbox=(127,341,215,459)
  44. score=0.3786  bbox=(86,249,196,397)
  45. score=0.3783  bbox=(81,228,235,435)
  46. score=0.3771  bbox=(56,273,210,480)
  47. score=0.3764  bbox=(8,281,184,517)
  48. score=0.3761  bbox=(22,316,176,523)
  49. score=0.3760  bbox=(4,340,158,547)
  50. score=0.3758  bbox=(156,263,244,381)
  51. score=0.3739  bbox=(31,337,185,544)
  52. score=0.3737  bbox=(1,356,177,592)
  53. score=0.3733  bbox=(116,305,248,482)
  54. score=0.3731  bbox=(31,274,207,510)
  55. score=0.3721  bbox=(164,343,252,461)
  56. score=0.3717  bbox=(22,223,176,430)
  57. score=0.3716  bbox=(80,303,234,510)
  58. score=0.3712  bbox=(93,317,203,465)
  59. score=0.3707  bbox=(157,306,245,424)
  60. score=0.3702  bbox=(30,245,206,481)
  61. score=0.3701  bbox=(5,248,181,484)
  62. score=0.3701  bbox=(0,229,154,436)
  63. score=0.3699  bbox=(115,240,225,388)
  64. score=0.3694  bbox=(30,356,206,592)
  65. score=0.3690  bbox=(0,318,176,554)
  66. score=0.3690  bbox=(49,275,225,511)
  67. score=0.3688  bbox=(53,237,207,444)
  68. score=0.3680  bbox=(74,293,250,529)
  69. score=0.3680  bbox=(23,296,244,592)
  70. score=0.3679  bbox=(0,370,110,518)
  71. score=0.3677  bbox=(73,251,249,487)
  72. score=0.3675  bbox=(51,340,183,517)
  73. score=0.3672  bbox=(58,258,234,494)
  74. score=0.3671  bbox=(3,296,224,592)
  75. score=0.3665  bbox=(65,384,153,502)
  76. score=0.3664  bbox=(23,379,177,586)
  77. score=0.3664  bbox=(79,349,233,556)
  78. score=0.3660  bbox=(81,344,213,521)
  79. score=0.3652  bbox=(1,220,133,397)
  80. score=0.3650  bbox=(62,201,216,408)
  81. score=0.3646  bbox=(28,324,204,560)
  82. score=0.3643  bbox=(30,379,162,556)
  83. score=0.3641  bbox=(145,329,255,477)
  84. score=0.3636  bbox=(64,312,218,519)
  85. score=0.3634  bbox=(25,220,201,456)
  86. score=0.3632  bbox=(130,262,218,380)
  87. score=0.3630  bbox=(197,304,285,422)
  88. score=0.3620  bbox=(150,289,260,437)
  89. score=0.3619  bbox=(3,385,157,592)
  90. score=0.3618  bbox=(25,197,179,404)
  91. score=0.3614  bbox=(113,218,245,395)
  92. score=0.3614  bbox=(89,360,199,508)
  93. score=0.3613  bbox=(54,354,208,561)
  94. score=0.3612  bbox=(117,265,271,472)
  95. score=0.3605  bbox=(122,364,232,512)
  96. score=0.3605  bbox=(1,381,133,558)
  97. score=0.3603  bbox=(55,356,231,592)
  98. score=0.3601  bbox=(117,336,249,513)
  99. score=0.3599  bbox=(60,317,236,553)
  100. score=0.3596  bbox=(76,356,252,592)
  101. score=0.3591  bbox=(4,236,114,384)
  102. score=0.3587  bbox=(53,377,185,554)
  103. score=0.3586  bbox=(45,206,221,442)
  104. score=0.3586  bbox=(74,323,250,559)
  105. score=0.3584  bbox=(32,382,120,500)
  106. score=0.3583  bbox=(28,245,249,541)
  107. score=0.3581  bbox=(61,181,237,417)
  108. score=0.3580  bbox=(189,348,277,466)
  109. score=0.3574  bbox=(4,474,92,592)
  110. score=0.3573  bbox=(4,199,158,406)
  111. score=0.3563  bbox=(0,245,221,541)
  112. score=0.3558  bbox=(84,369,216,546)
  113. score=0.3548  bbox=(0,210,176,446)
  114. score=0.3543  bbox=(80,209,256,445)
  115. score=0.3542  bbox=(70,288,291,584)
  116. score=0.3536  bbox=(73,174,249,410)
  117. score=0.3527  bbox=(28,173,204,409)
  118. score=0.3527  bbox=(114,301,268,508)
  119. score=0.3522  bbox=(63,214,151,332)
  120. score=0.3522  bbox=(83,184,237,391)
  121. score=0.3520  bbox=(29,474,117,592)
  122. score=0.3511  bbox=(0,254,88,372)
  123. score=0.3509  bbox=(145,239,255,387)
  124. score=0.3509  bbox=(116,343,270,550)
  125. score=0.3504  bbox=(139,268,271,445)
  126. score=0.3501  bbox=(56,384,210,591)
  127. score=0.3500  bbox=(178,326,288,474)
  128. score=0.3498  bbox=(56,264,277,560)
  129. score=0.3479  bbox=(0,390,88,508)
  130. score=0.3476  bbox=(113,373,245,550)
  131. score=0.3473  bbox=(0,219,221,515)
  132. score=0.3468  bbox=(21,209,242,505)
  133. score=0.3465  bbox=(138,306,270,483)
  134. score=0.3460  bbox=(182,275,292,423)
  135. score=0.3459  bbox=(120,241,274,448)
  136. score=0.3456  bbox=(8,171,184,407)
  137. score=0.3453  bbox=(178,249,288,397)
  138. score=0.3443  bbox=(103,275,279,511)
  139. score=0.3443  bbox=(4,444,114,592)
  140. score=0.3442  bbox=(97,388,185,506)
  141. score=0.3439  bbox=(105,356,281,592)
  142. score=0.3439  bbox=(141,228,273,405)
  143. score=0.3431  bbox=(110,328,286,564)
  144. score=0.3430  bbox=(100,256,188,374)
  145. score=0.3429  bbox=(87,286,308,582)
  146. score=0.3421  bbox=(103,243,279,479)
  147. score=0.3418  bbox=(32,442,142,590)
  148. score=0.3413  bbox=(138,333,270,510)
  149. score=0.3413  bbox=(2,163,223,459)
  150. score=0.3411  bbox=(150,359,260,507)
  151. score=0.3406  bbox=(86,385,240,592)
  152. score=0.3401  bbox=(63,474,151,592)
  153. score=0.3388  bbox=(4,399,114,547)
  154. score=0.3383  bbox=(0,411,132,588)
  155. score=0.3381  bbox=(63,444,173,592)
  156. score=0.3379  bbox=(144,268,298,475)
  157. score=0.3379  bbox=(194,255,282,373)
  158. score=0.3376  bbox=(35,400,145,548)
  159. score=0.3373  bbox=(4,131,225,427)
  160. score=0.3373  bbox=(40,166,261,462)
  161. score=0.3368  bbox=(33,211,121,329)
  162. score=0.3367  bbox=(79,193,211,370)
  163. score=0.3359  bbox=(111,220,287,456)
  164. score=0.3358  bbox=(118,379,272,586)
  165. score=0.3352  bbox=(133,356,309,592)
  166. score=0.3345  bbox=(72,150,248,386)
  167. score=0.3342  bbox=(53,180,274,476)
  168. score=0.3337  bbox=(37,140,258,436)
  169. score=0.3334  bbox=(141,352,295,559)
  170. score=0.3334  bbox=(0,435,88,553)
  171. score=0.3331  bbox=(34,415,166,592)
  172. score=0.3329  bbox=(62,204,283,500)
  173. score=0.3326  bbox=(91,266,312,562)
  174. score=0.3320  bbox=(223,300,311,418)
  175. score=0.3319  bbox=(120,290,341,586)
  176. score=0.3318  bbox=(141,369,273,546)
  177. score=0.3318  bbox=(55,415,187,592)
  178. score=0.3314  bbox=(90,440,200,588)
  179. score=0.3313  bbox=(172,299,304,476)
  180. score=0.3309  bbox=(166,222,298,399)
  181. score=0.3308  bbox=(203,294,335,471)
  182. score=0.3302  bbox=(122,190,276,397)
  183. score=0.3302  bbox=(35,433,123,551)
  184. score=0.3301  bbox=(209,318,319,466)
  185. score=0.3293  bbox=(170,259,302,436)
  186. score=0.3288  bbox=(62,409,172,557)
  187. score=0.3284  bbox=(138,331,314,567)
  188. score=0.3283  bbox=(30,145,206,381)
  189. score=0.3282  bbox=(210,288,320,436)
  190. score=0.3280  bbox=(105,183,281,419)
  191. score=0.3277  bbox=(253,342,341,460)
  192. score=0.3274  bbox=(229,348,317,466)
  193. score=0.3273  bbox=(325,297,413,415)
  194. score=0.3265  bbox=(110,193,242,370)
  195. score=0.3265  bbox=(65,430,153,548)
  196. score=0.3263  bbox=(134,293,310,529)
  197. score=0.3262  bbox=(318,260,406,378)
  198. score=0.3257  bbox=(148,310,302,517)
  199. score=0.3255  bbox=(152,328,328,564)
  200. score=0.3254  bbox=(125,425,213,543)
  201. score=0.3249  bbox=(31,2,119,120)
  202. score=0.3247  bbox=(115,438,225,586)
  203. score=0.3244  bbox=(96,426,184,544)
  204. score=0.3243  bbox=(94,399,204,547)
  205. score=0.3242  bbox=(95,474,183,592)
  206. score=0.3242  bbox=(29,197,139,345)
  207. score=0.3241  bbox=(0,96,221,392)
  208. score=0.3241  bbox=(59,163,213,370)
  209. score=0.3238  bbox=(170,339,302,516)
  210. score=0.3237  bbox=(125,471,213,589)
  211. score=0.3237  bbox=(0,0,88,118)
  212. score=0.3236  bbox=(199,272,353,479)
  213. score=0.3233  bbox=(201,259,333,436)
  214. score=0.3231  bbox=(291,301,379,419)
  215. score=0.3231  bbox=(354,261,442,379)
  216. score=0.3224  bbox=(166,354,342,590)
  217. score=0.3221  bbox=(158,474,246,592)
  218. score=0.3220  bbox=(61,3,149,121)
  219. score=0.3220  bbox=(144,224,298,431)
  220. score=0.3216  bbox=(0,150,176,386)
  221. score=0.3216  bbox=(90,415,222,592)

图片: A18.jpg
--------------------------------------------------
   1. score=0.5264  bbox=(26,97,109,222)
   2. score=0.5021  bbox=(57,91,140,216)
   3. score=0.4673  bbox=(57,138,140,263)
   4. score=0.4575  bbox=(0,87,83,212)
   5. score=0.4516  bbox=(28,78,132,234)
   6. score=0.4303  bbox=(61,87,165,243)
   7. score=0.4285  bbox=(30,51,113,176)
   8. score=0.4256  bbox=(90,140,173,265)
   9. score=0.4233  bbox=(52,130,156,286)
  10. score=0.4233  bbox=(28,141,111,266)
  11. score=0.4141  bbox=(31,35,135,191)
  12. score=0.4139  bbox=(1,92,105,248)
  13. score=0.4083  bbox=(2,38,106,194)
  14. score=0.4047  bbox=(23,130,127,286)
  15. score=0.4009  bbox=(24,46,149,233)
  16. score=0.3969  bbox=(30,80,155,267)
  17. score=0.3926  bbox=(81,121,185,277)
  18. score=0.3881  bbox=(3,48,128,235)
  19. score=0.3878  bbox=(57,70,182,257)
  20. score=0.3876  bbox=(63,47,146,172)
  21. score=0.3836  bbox=(92,90,175,215)
  22. score=0.3824  bbox=(61,38,165,194)
  23. score=0.3816  bbox=(0,42,83,167)
  24. score=0.3795  bbox=(50,34,175,221)
  25. score=0.3780  bbox=(87,83,191,239)
  26. score=0.3756  bbox=(21,117,146,304)
  27. score=0.3749  bbox=(0,123,104,279)
  28. score=0.3742  bbox=(0,82,125,269)
  29. score=0.3637  bbox=(59,113,184,300)
  30. score=0.3625  bbox=(24,48,170,267)
  31. score=0.3622  bbox=(2,110,127,297)
  32. score=0.3607  bbox=(1,36,147,255)
  33. score=0.3595  bbox=(1,0,147,219)
  34. score=0.3587  bbox=(5,0,130,187)
  35. score=0.3566  bbox=(31,0,177,219)
  36. score=0.3562  bbox=(30,0,155,187)
  37. score=0.3525  bbox=(25,86,171,305)
  38. score=0.3487  bbox=(0,78,146,297)
  39. score=0.3474  bbox=(54,3,179,190)
  40. score=0.3455  bbox=(121,131,204,256)
  41. score=0.3438  bbox=(82,86,207,273)
  42. score=0.3422  bbox=(0,140,83,265)
  43. score=0.3421  bbox=(52,0,198,219)
  44. score=0.3419  bbox=(32,4,136,160)
  45. score=0.3416  bbox=(58,47,204,266)
  46. score=0.3385  bbox=(18,0,185,250)
  47. score=0.3382  bbox=(0,2,167,252)
  48. score=0.3351  bbox=(275,85,358,210)
  49. score=0.3332  bbox=(0,35,167,285)
  50. score=0.3324  bbox=(59,76,205,295)
  51. score=0.3323  bbox=(1,0,105,156)
  52. score=0.3320  bbox=(307,42,390,167)
  53. score=0.3313  bbox=(25,42,192,292)
  54. score=0.3291  bbox=(53,7,157,163)
  55. score=0.3290  bbox=(85,44,210,231)
  56. score=0.3271  bbox=(28,128,174,347)
  57. score=0.3258  bbox=(79,127,204,314)
  58. score=0.3238  bbox=(4,125,150,344)
  59. score=0.3233  bbox=(334,42,417,167)
  60. score=0.3217  bbox=(21,72,188,322)
  61. score=0.3209  bbox=(0,73,167,323)
  62. score=0.3205  bbox=(50,118,196,337)
  63. score=0.3188  bbox=(90,39,194,195)
  64. score=0.3182  bbox=(46,40,213,290)
  65. score=0.3177  bbox=(56,0,223,250)
  66. score=0.3124  bbox=(335,92,418,217)
  67. score=0.3124  bbox=(314,44,418,200)
  68. score=0.3121  bbox=(273,40,356,165)
  69. score=0.3117  bbox=(91,187,174,312)
  70. score=0.3115  bbox=(85,47,231,266)
  71. score=0.3103  bbox=(117,89,221,245)
  72. score=0.3093  bbox=(122,91,205,216)
  73. score=0.3084  bbox=(76,79,222,298)
  74. score=0.3076  bbox=(113,130,217,286)
  75. score=0.3064  bbox=(87,172,191,328)
  76. score=0.3057  bbox=(334,497,417,622)
  77. score=0.3038  bbox=(0,124,167,374)
  78. score=0.3032  bbox=(105,80,230,267)
  79. score=0.3030  bbox=(285,46,389,202)
  80. score=0.3024  bbox=(53,169,157,325)
  81. score=0.3020  bbox=(51,79,218,329)
  82. score=0.3008  bbox=(74,113,220,332)
  83. score=0.2997  bbox=(78,0,224,219)
  84. score=0.2995  bbox=(332,461,415,586)
  85. score=0.2991  bbox=(31,122,198,372)
  86. score=0.2989  bbox=(278,133,361,258)
  87. score=0.2986  bbox=(307,97,390,222)
  88. score=0.2979  bbox=(80,155,205,342)
  89. score=0.2974  bbox=(314,470,418,626)
  90. score=0.2960  bbox=(314,88,418,244)
  91. score=0.2960  bbox=(80,0,247,250)
  92. score=0.2954  bbox=(81,1,206,188)
  93. score=0.2953  bbox=(335,403,418,528)
  94. score=0.2952  bbox=(30,159,155,346)
  95. score=0.2936  bbox=(311,380,415,536)
  96. score=0.2929  bbox=(67,72,234,322)
  97. score=0.2929  bbox=(314,430,418,586)
  98. score=0.2911  bbox=(103,38,228,225)
  99. score=0.2907  bbox=(254,41,358,197)
  100. score=0.2905  bbox=(305,501,388,626)
  101. score=0.2904  bbox=(83,33,250,283)
  102. score=0.2902  bbox=(310,3,414,159)
  103. score=0.2897  bbox=(306,460,389,585)
  104. score=0.2888  bbox=(331,368,414,493)
  105. score=0.2886  bbox=(0,10,209,323)
  106. score=0.2882  bbox=(105,45,251,264)
  107. score=0.2880  bbox=(50,113,217,363)
  108. score=0.2876  bbox=(59,163,184,350)
  109. score=0.2875  bbox=(313,342,417,498)
  110. score=0.2875  bbox=(307,323,390,448)
  111. score=0.2869  bbox=(293,358,418,545)
  112. score=0.2866  bbox=(92,41,175,166)
  113. score=0.2850  bbox=(27,2,236,315)
  114. score=0.2848  bbox=(256,82,360,238)
  115. score=0.2847  bbox=(292,398,417,585)
  116. score=0.2845  bbox=(335,313,418,438)
  117. score=0.2834  bbox=(120,185,203,310)
  118. score=0.2832  bbox=(0,43,209,356)
  119. score=0.2828  bbox=(314,303,418,459)
  120. score=0.2824  bbox=(0,78,209,391)
  121. score=0.2811  bbox=(32,141,199,391)
  122. score=0.2808  bbox=(60,186,143,311)
  123. score=0.2806  bbox=(108,112,233,299)
  124. score=0.2800  bbox=(301,403,384,528)
  125. score=0.2800  bbox=(293,438,418,625)
  126. score=0.2799  bbox=(290,32,415,219)
  127. score=0.2796  bbox=(285,84,389,240)
  128. score=0.2790  bbox=(288,387,392,543)
  129. score=0.2788  bbox=(102,73,248,292)
  130. score=0.2782  bbox=(22,43,231,356)
  131. score=0.2774  bbox=(116,48,220,204)
  132. score=0.2769  bbox=(288,348,392,504)
  133. score=0.2768  bbox=(290,321,415,508)
  134. score=0.2767  bbox=(267,33,392,220)
  135. score=0.2761  bbox=(30,171,134,327)
  136. score=0.2760  bbox=(290,423,394,579)
  137. score=0.2756  bbox=(272,365,397,552)
  138. score=0.2754  bbox=(102,154,227,341)
  139. score=0.2752  bbox=(272,330,418,549)
  140. score=0.2751  bbox=(269,368,415,587)
  141. score=0.2746  bbox=(300,368,383,493)
  142. score=0.2736  bbox=(291,1,416,188)
  143. score=0.2731  bbox=(4,154,171,404)
  144. score=0.2731  bbox=(291,84,416,271)
  145. score=0.2719  bbox=(49,4,258,317)
  146. score=0.2719  bbox=(241,87,324,212)
  147. score=0.2712  bbox=(119,171,223,327)
  148. score=0.2709  bbox=(82,3,186,159)
  149. score=0.2709  bbox=(272,45,418,264)
  150. score=0.2705  bbox=(229,47,333,203)
  151. score=0.2704  bbox=(117,51,200,176)
  152. score=0.2699  bbox=(0,159,125,346)
  153. score=0.2698  bbox=(275,359,358,484)
  154. score=0.2697  bbox=(30,95,239,408)
  155. score=0.2687  bbox=(272,407,418,626)
  156. score=0.2686  bbox=(269,327,394,514)
  157. score=0.2681  bbox=(285,469,389,625)
  158. score=0.2672  bbox=(289,0,393,156)
  159. score=0.2666  bbox=(56,5,139,130)
  160. score=0.2664  bbox=(266,81,391,268)
  161. score=0.2657  bbox=(260,4,385,191)
  162. score=0.2655  bbox=(271,10,417,229)
  163. score=0.2655  bbox=(0,0,83,125)
  164. score=0.2654  bbox=(286,292,390,448)
  165. score=0.2651  bbox=(103,0,249,219)
  166. score=0.2650  bbox=(267,403,392,590)
  167. score=0.2649  bbox=(278,406,361,531)
  168. score=0.2645  bbox=(1,163,105,319)
  169. score=0.2642  bbox=(25,165,171,384)
  170. score=0.2627  bbox=(289,285,414,472)
  171. score=0.2622  bbox=(248,334,415,584)
  172. score=0.2619  bbox=(247,51,330,176)
  173. score=0.2619  bbox=(76,118,243,368)
  174. score=0.2617  bbox=(239,36,364,223)
  175. score=0.2615  bbox=(251,296,418,546)
  176. score=0.2611  bbox=(255,379,359,535)
  177. score=0.2608  bbox=(270,287,416,506)
  178. score=0.2607  bbox=(251,364,397,583)
  179. score=0.2606  bbox=(246,138,329,263)
  180. score=0.2606  bbox=(271,312,354,437)
  181. score=0.2605  bbox=(29,1,112,126)
  182. score=0.2601  bbox=(247,329,393,548)
  183. score=0.2599  bbox=(251,373,418,623)
  184. score=0.2599  bbox=(252,133,356,289)
  185. score=0.2595  bbox=(105,26,272,276)
  186. score=0.2594  bbox=(57,153,224,403)
  187. score=0.2593  bbox=(101,0,226,187)
  188. score=0.2592  bbox=(104,0,271,250)
  189. score=0.2583  bbox=(32,181,115,306)
  190. score=0.2582  bbox=(82,161,228,380)
  191. score=0.2579  bbox=(251,335,355,491)
  192. score=0.2577  bbox=(146,38,250,194)
  193. score=0.2576  bbox=(133,48,258,235)
  194. score=0.2568  bbox=(66,39,275,352)
  195. score=0.2564  bbox=(271,439,396,626)
  196. score=0.2564  bbox=(266,86,412,305)
  197. score=0.2561  bbox=(154,44,237,169)
  198. score=0.2559  bbox=(142,81,246,237)
  199. score=0.2555  bbox=(243,3,368,190)
  200. score=0.2551  bbox=(306,133,389,258)
  201. score=0.2544  bbox=(27,137,236,450)
  202. score=0.2541  bbox=(259,297,363,453)
  203. score=0.2539  bbox=(117,11,284,261)
  204. score=0.2535  bbox=(0,169,146,388)
  205. score=0.2535  bbox=(58,167,204,386)
  206. score=0.2535  bbox=(306,273,389,398)
  207. score=0.2533  bbox=(0,146,209,459)
  208. score=0.2526  bbox=(83,0,292,313)
  209. score=0.2525  bbox=(242,369,325,494)
  210. score=0.2525  bbox=(121,38,288,288)
  211. score=0.2522  bbox=(274,459,357,584)
  212. score=0.2518  bbox=(247,324,330,449)
  213. score=0.2515  bbox=(138,70,263,257)
  214. score=0.2510  bbox=(224,39,370,258)
  215. score=0.2509  bbox=(233,91,337,247)
  216. score=0.2508  bbox=(80,38,289,351)
  217. score=0.2505  bbox=(154,3,237,128)
  218. score=0.2502  bbox=(270,278,395,465)
  219. score=0.2500  bbox=(0,315,83,440)
  220. score=0.2499  bbox=(217,48,300,173)
  221. score=0.2496  bbox=(238,327,363,514)

图片: A19.jpg
--------------------------------------------------
   1. score=0.4845  bbox=(5,355,123,443)
   2. score=0.4454  bbox=(0,333,147,443)
   3. score=0.4425  bbox=(46,352,164,440)
   4. score=0.4356  bbox=(472,195,590,283)
   5. score=0.4320  bbox=(472,164,590,252)
   6. score=0.4291  bbox=(37,333,184,443)
   7. score=0.4288  bbox=(0,311,177,443)
   8. score=0.4271  bbox=(167,352,285,440)
   9. score=0.4246  bbox=(117,333,264,443)
  10. score=0.4186  bbox=(86,354,204,442)
  11. score=0.4177  bbox=(43,311,220,443)
  12. score=0.4135  bbox=(428,190,546,278)
  13. score=0.4118  bbox=(125,354,243,442)
  14. score=0.4113  bbox=(86,333,233,443)
  15. score=0.4106  bbox=(32,288,238,443)
  16. score=0.4102  bbox=(444,183,591,293)
  17. score=0.4096  bbox=(7,266,243,443)
  18. score=0.4088  bbox=(5,282,211,437)
  19. score=0.4080  bbox=(77,311,254,443)
  20. score=0.4066  bbox=(442,153,589,263)
  21. score=0.4055  bbox=(116,311,293,443)
  22. score=0.4053  bbox=(429,164,547,252)
  23. score=0.4005  bbox=(162,328,309,438)
  24. score=0.4001  bbox=(36,262,272,439)
  25. score=0.3990  bbox=(473,228,591,316)
  26. score=0.3973  bbox=(76,288,282,443)
  27. score=0.3954  bbox=(7,306,154,416)
  28. score=0.3949  bbox=(444,209,591,319)
  29. score=0.3916  bbox=(412,168,589,300)
  30. score=0.3899  bbox=(0,262,206,417)
  31. score=0.3898  bbox=(404,178,551,288)
  32. score=0.3892  bbox=(0,218,295,439)
  33. score=0.3892  bbox=(38,325,156,413)
  34. score=0.3892  bbox=(142,311,319,443)
  35. score=0.3889  bbox=(39,288,216,420)
  36. score=0.3884  bbox=(88,291,206,379)
  37. score=0.3879  bbox=(43,307,190,417)
  38. score=0.3876  bbox=(3,321,121,409)
  39. score=0.3839  bbox=(79,266,315,443)
  40. score=0.3834  bbox=(0,240,236,417)
  41. score=0.3828  bbox=(432,229,550,317)
  42. score=0.3819  bbox=(4,279,181,411)
  43. score=0.3814  bbox=(216,353,334,441)
  44. score=0.3812  bbox=(47,290,165,378)
  45. score=0.3808  bbox=(39,243,275,420)
  46. score=0.3797  bbox=(87,258,205,346)
  47. score=0.3797  bbox=(43,259,161,347)
  48. score=0.3796  bbox=(0,268,147,378)
  49. score=0.3790  bbox=(39,269,186,379)
  50. score=0.3772  bbox=(407,150,554,260)
  51. score=0.3764  bbox=(383,170,560,302)
  52. score=0.3762  bbox=(4,255,181,387)
  53. score=0.3762  bbox=(413,136,590,268)
  54. score=0.3759  bbox=(124,291,242,379)
  55. score=0.3758  bbox=(78,271,225,381)
  56. score=0.3753  bbox=(118,306,265,416)
  57. score=0.3752  bbox=(87,240,234,350)
  58. score=0.3751  bbox=(43,230,220,362)
  59. score=0.3744  bbox=(36,241,183,351)
  60. score=0.3734  bbox=(29,254,235,409)
  61. score=0.3733  bbox=(124,288,330,443)
  62. score=0.3721  bbox=(6,240,153,350)
  63. score=0.3721  bbox=(0,234,206,389)
  64. score=0.3719  bbox=(55,222,350,443)
  65. score=0.3717  bbox=(4,286,122,374)
  66. score=0.3713  bbox=(84,222,202,310)
  67. score=0.3712  bbox=(45,256,222,388)
  68. score=0.3708  bbox=(0,262,118,350)
  69. score=0.3708  bbox=(0,231,177,363)
  70. score=0.3707  bbox=(104,288,281,420)
  71. score=0.3703  bbox=(76,251,253,383)
  72. score=0.3702  bbox=(383,190,501,278)
  73. score=0.3702  bbox=(124,257,242,345)
  74. score=0.3692  bbox=(378,172,584,327)
  75. score=0.3689  bbox=(75,304,222,414)
  76. score=0.3688  bbox=(368,192,545,324)
  77. score=0.3688  bbox=(44,222,162,310)
  78. score=0.3679  bbox=(125,245,272,355)
  79. score=0.3670  bbox=(81,221,258,353)
  80. score=0.3667  bbox=(68,241,304,418)
  81. score=0.3664  bbox=(197,333,344,443)
  82. score=0.3661  bbox=(130,322,248,410)
  83. score=0.3656  bbox=(46,233,252,388)
  84. score=0.3655  bbox=(127,226,245,314)
  85. score=0.3650  bbox=(383,145,560,277)
  86. score=0.3648  bbox=(345,194,522,326)
  87. score=0.3644  bbox=(370,184,517,294)
  88. score=0.3642  bbox=(444,126,591,236)
  89. score=0.3635  bbox=(399,212,546,322)
  90. score=0.3634  bbox=(0,224,118,312)
  91. score=0.3634  bbox=(468,131,586,219)
  92. score=0.3633  bbox=(388,160,506,248)
  93. score=0.3632  bbox=(174,319,292,407)
  94. score=0.3631  bbox=(280,210,427,320)
  95. score=0.3631  bbox=(75,281,252,413)
  96. score=0.3629  bbox=(0,216,147,326)
  97. score=0.3626  bbox=(83,323,201,411)
  98. score=0.3626  bbox=(344,173,550,328)
  99. score=0.3623  bbox=(249,212,396,322)
  100. score=0.3623  bbox=(105,223,282,355)
  101. score=0.3623  bbox=(255,229,373,317)
  102. score=0.3619  bbox=(117,266,353,443)
  103. score=0.3617  bbox=(44,211,191,321)
  104. score=0.3617  bbox=(85,258,291,413)
  105. score=0.3613  bbox=(304,223,422,311)
  106. score=0.3612  bbox=(116,271,263,381)
  107. score=0.3607  bbox=(0,204,236,381)
  108. score=0.3592  bbox=(81,208,287,363)
  109. score=0.3590  bbox=(81,227,287,382)
  110. score=0.3587  bbox=(377,140,583,295)
  111. score=0.3585  bbox=(25,214,261,391)
  112. score=0.3583  bbox=(87,207,234,317)
  113. score=0.3578  bbox=(0,193,295,414)
  114. score=0.3573  bbox=(353,140,589,317)
  115. score=0.3568  bbox=(317,215,464,325)
  116. score=0.3560  bbox=(409,202,586,334)
  117. score=0.3558  bbox=(0,202,206,357)
  118. score=0.3558  bbox=(0,194,236,371)
  119. score=0.3556  bbox=(116,222,411,443)
  120. score=0.3554  bbox=(306,196,424,284)
  121. score=0.3552  bbox=(347,154,583,331)
  122. score=0.3551  bbox=(308,166,514,321)
  123. score=0.3545  bbox=(162,303,309,413)
  124. score=0.3540  bbox=(76,213,371,434)
  125. score=0.3536  bbox=(5,201,182,333)
  126. score=0.3535  bbox=(340,165,517,297)
  127. score=0.3534  bbox=(110,223,316,378)
  128. score=0.3534  bbox=(366,216,513,326)
  129. score=0.3534  bbox=(392,227,510,315)
  130. score=0.3528  bbox=(255,194,373,282)
  131. score=0.3528  bbox=(31,191,267,368)
  132. score=0.3523  bbox=(148,288,354,443)
  133. score=0.3522  bbox=(62,219,298,396)
  134. score=0.3516  bbox=(134,197,252,285)
  135. score=0.3509  bbox=(171,195,289,283)
  136. score=0.3509  bbox=(43,195,249,350)
  137. score=0.3507  bbox=(309,201,486,333)
  138. score=0.3500  bbox=(117,254,294,386)
  139. score=0.3500  bbox=(316,180,463,290)
  140. score=0.3494  bbox=(342,192,460,280)
  141. score=0.3492  bbox=(118,259,324,414)
  142. score=0.3485  bbox=(220,222,338,310)
  143. score=0.3481  bbox=(218,189,336,277)
  144. score=0.3481  bbox=(154,231,331,363)
  145. score=0.3481  bbox=(128,207,275,317)
  146. score=0.3474  bbox=(328,136,564,313)
  147. score=0.3474  bbox=(198,211,345,321)
  148. score=0.3469  bbox=(339,222,457,310)
  149. score=0.3466  bbox=(109,236,345,413)
  150. score=0.3466  bbox=(220,200,397,332)
  151. score=0.3464  bbox=(43,193,220,325)
  152. score=0.3464  bbox=(74,195,251,327)
  153. score=0.3458  bbox=(298,174,475,306)
  154. score=0.3458  bbox=(385,114,591,269)
  155. score=0.3457  bbox=(288,183,435,293)
  156. score=0.3452  bbox=(192,195,369,327)
  157. score=0.3448  bbox=(311,158,547,335)
  158. score=0.3448  bbox=(247,178,394,288)
  159. score=0.3447  bbox=(274,170,480,325)
  160. score=0.3443  bbox=(181,310,358,442)
  161. score=0.3441  bbox=(159,208,306,318)
  162. score=0.3441  bbox=(414,111,591,243)
  163. score=0.3439  bbox=(146,262,382,439)
  164. score=0.3431  bbox=(146,285,323,417)
  165. score=0.3425  bbox=(337,140,543,295)
  166. score=0.3424  bbox=(164,241,311,351)
  167. score=0.3424  bbox=(176,227,294,315)
  168. score=0.3416  bbox=(258,203,435,335)
  169. score=0.3416  bbox=(180,266,416,443)
  170. score=0.3410  bbox=(150,200,356,355)
  171. score=0.3408  bbox=(191,205,397,360)
  172. score=0.3403  bbox=(122,195,328,350)
  173. score=0.3403  bbox=(115,207,351,384)
  174. score=0.3398  bbox=(95,197,390,418)
  175. score=0.3391  bbox=(80,182,316,359)
  176. score=0.3390  bbox=(300,262,418,350)
  177. score=0.3389  bbox=(118,197,295,329)
  178. score=0.3383  bbox=(152,201,329,333)
  179. score=0.3372  bbox=(177,187,413,364)
  180. score=0.3369  bbox=(356,154,503,264)
  181. score=0.3359  bbox=(108,181,344,358)
  182. score=0.3359  bbox=(196,176,343,286)
  183. score=0.3351  bbox=(34,182,329,403)
  184. score=0.3351  bbox=(339,165,457,253)
  185. score=0.3351  bbox=(223,227,400,359)
  186. score=0.3348  bbox=(193,224,370,356)
  187. score=0.3347  bbox=(264,173,441,305)
  188. score=0.3346  bbox=(147,231,353,386)
  189. score=0.3345  bbox=(147,255,324,387)
  190. score=0.3343  bbox=(136,183,372,360)
  191. score=0.3340  bbox=(163,212,458,433)
  192. score=0.3339  bbox=(133,216,369,393)
  193. score=0.3338  bbox=(185,172,391,327)
  194. score=0.3338  bbox=(221,206,427,361)
  195. score=0.3337  bbox=(239,174,445,329)
  196. score=0.3334  bbox=(169,294,287,382)
  197. score=0.3331  bbox=(85,190,203,278)
  198. score=0.3322  bbox=(197,288,403,443)
  199. score=0.3312  bbox=(164,174,370,329)
  200. score=0.3309  bbox=(186,217,422,394)
  201. score=0.3308  bbox=(221,170,398,302)
  202. score=0.3308  bbox=(150,238,386,415)
  203. score=0.3307  bbox=(156,274,303,384)
  204. score=0.3306  bbox=(194,227,400,382)
  205. score=0.3306  bbox=(350,120,556,275)
  206. score=0.3305  bbox=(431,127,549,215)
  207. score=0.3305  bbox=(151,262,357,417)
  208. score=0.3304  bbox=(308,141,514,296)
  209. score=0.3303  bbox=(375,118,552,250)
  210. score=0.3302  bbox=(282,135,518,312)
  211. score=0.3298  bbox=(323,178,559,355)
  212. score=0.3297  bbox=(276,165,512,342)
  213. score=0.3294  bbox=(351,182,587,359)
  214. score=0.3291  bbox=(154,176,301,286)
  215. score=0.3287  bbox=(211,322,329,410)
  216. score=0.3286  bbox=(401,122,548,232)
  217. score=0.3286  bbox=(172,257,290,345)
  218. score=0.3275  bbox=(118,177,265,287)
  219. score=0.3272  bbox=(139,183,434,404)
  220. score=0.3268  bbox=(188,239,424,416)
  221. score=0.3262  bbox=(330,142,507,274)

图片: A20.jpg
--------------------------------------------------
   1. score=0.6898  bbox=(134,3,259,86)
   2. score=0.6654  bbox=(140,31,265,114)
   3. score=0.6515  bbox=(127,0,283,104)
   4. score=0.6146  bbox=(227,59,352,142)
   5. score=0.6137  bbox=(97,0,222,83)
   6. score=0.6084  bbox=(169,0,325,104)
   7. score=0.6039  bbox=(159,0,347,125)
   8. score=0.6021  bbox=(179,26,304,109)
   9. score=0.5984  bbox=(120,6,308,131)
  10. score=0.5973  bbox=(188,0,313,83)
  11. score=0.5958  bbox=(166,30,322,134)
  12. score=0.5930  bbox=(131,33,287,137)
  13. score=0.5861  bbox=(211,32,367,136)
  14. score=0.5804  bbox=(231,32,356,115)
  15. score=0.5747  bbox=(158,25,346,150)
  16. score=0.5734  bbox=(84,0,240,104)
  17. score=0.5628  bbox=(112,4,331,149)
  18. score=0.5611  bbox=(188,61,313,144)
  19. score=0.5584  bbox=(154,0,373,145)
  20. score=0.5572  bbox=(210,56,366,160)
  21. score=0.5542  bbox=(124,29,312,154)
  22. score=0.5509  bbox=(209,0,365,104)
  23. score=0.5489  bbox=(82,0,270,125)
  24. score=0.5456  bbox=(96,33,221,116)
  25. score=0.5391  bbox=(129,22,348,167)
  26. score=0.5348  bbox=(233,2,358,85)
  27. score=0.5337  bbox=(132,61,257,144)
  28. score=0.5243  bbox=(203,0,391,125)
  29. score=0.5240  bbox=(35,4,191,108)
  30. score=0.5201  bbox=(208,31,396,156)
  31. score=0.5165  bbox=(92,32,248,136)
  32. score=0.5142  bbox=(177,59,333,163)
  33. score=0.5107  bbox=(111,8,361,174)
  34. score=0.5095  bbox=(405,61,530,144)
  35. score=0.5068  bbox=(407,29,532,112)
  36. score=0.5061  bbox=(74,4,293,149)
  37. score=0.5046  bbox=(213,5,432,150)
  38. score=0.5035  bbox=(145,5,395,171)
  39. score=0.5026  bbox=(32,0,220,125)
  40. score=0.5024  bbox=(411,0,536,83)
  41. score=0.5016  bbox=(125,58,281,162)
  42. score=0.5008  bbox=(45,0,170,83)
  43. score=0.5007  bbox=(168,21,387,166)
  44. score=0.4989  bbox=(224,95,349,178)
  45. score=0.4945  bbox=(257,51,413,155)
  46. score=0.4925  bbox=(240,0,459,145)
  47. score=0.4923  bbox=(37,0,256,145)
  48. score=0.4917  bbox=(230,0,418,125)
  49. score=0.4909  bbox=(404,95,529,178)
  50. score=0.4907  bbox=(388,26,544,130)
  51. score=0.4906  bbox=(240,30,428,155)
  52. score=0.4901  bbox=(160,55,348,180)
  53. score=0.4899  bbox=(109,17,359,183)
  54. score=0.4894  bbox=(126,53,314,178)
  55. score=0.4890  bbox=(66,0,316,166)
  56. score=0.4888  bbox=(221,0,471,166)
  57. score=0.4869  bbox=(453,4,578,87)
  58. score=0.4859  bbox=(199,0,449,166)
  59. score=0.4848  bbox=(213,23,432,168)
  60. score=0.4840  bbox=(257,29,413,133)
  61. score=0.4838  bbox=(470,0,626,104)
  62. score=0.4838  bbox=(277,57,402,140)
  63. score=0.4836  bbox=(422,4,578,108)
  64. score=0.4825  bbox=(282,7,501,152)
  65. score=0.4819  bbox=(439,0,627,125)
  66. score=0.4818  bbox=(381,0,537,104)
  67. score=0.4814  bbox=(46,30,171,113)
  68. score=0.4814  bbox=(269,0,519,166)
  69. score=0.4811  bbox=(276,27,464,152)
  70. score=0.4794  bbox=(236,22,455,167)
  71. score=0.4791  bbox=(384,56,540,160)
  72. score=0.4767  bbox=(0,3,188,128)
  73. score=0.4745  bbox=(0,1,156,105)
  74. score=0.4745  bbox=(427,28,583,132)
  75. score=0.4736  bbox=(432,24,620,149)
  76. score=0.4734  bbox=(502,0,627,83)
  77. score=0.4729  bbox=(403,1,591,126)
  78. score=0.4726  bbox=(31,0,281,166)
  79. score=0.4707  bbox=(291,6,541,172)
  80. score=0.4705  bbox=(452,33,577,116)
  81. score=0.4695  bbox=(408,6,627,151)
  82. score=0.4690  bbox=(120,47,339,192)
  83. score=0.4684  bbox=(88,32,307,177)
  84. score=0.4676  bbox=(432,56,588,160)
  85. score=0.4672  bbox=(408,21,627,166)
  86. score=0.4661  bbox=(295,61,451,165)
  87. score=0.4656  bbox=(314,23,502,148)
  88. score=0.4652  bbox=(227,20,477,186)
  89. score=0.4644  bbox=(283,32,502,177)
  90. score=0.4638  bbox=(74,30,262,155)
  91. score=0.4635  bbox=(407,120,532,203)
  92. score=0.4626  bbox=(295,33,451,137)
  93. score=0.4625  bbox=(439,50,627,175)
  94. score=0.4621  bbox=(401,57,589,182)
  95. score=0.4620  bbox=(471,28,627,132)
  96. score=0.4616  bbox=(282,0,470,125)
  97. score=0.4616  bbox=(251,2,407,106)
  98. score=0.4614  bbox=(393,26,581,151)
  99. score=0.4607  bbox=(256,22,506,188)
  100. score=0.4607  bbox=(139,27,389,193)
  101. score=0.4590  bbox=(408,52,627,197)
  102. score=0.4583  bbox=(280,52,468,177)
  103. score=0.4582  bbox=(499,29,624,112)
  104. score=0.4581  bbox=(190,59,378,184)
  105. score=0.4577  bbox=(365,304,490,387)
  106. score=0.4569  bbox=(325,27,544,172)
  107. score=0.4565  bbox=(316,0,504,125)
  108. score=0.4562  bbox=(382,81,538,185)
  109. score=0.4551  bbox=(0,1,219,146)
  110. score=0.4549  bbox=(453,63,578,146)
  111. score=0.4547  bbox=(2,0,252,166)
  112. score=0.4546  bbox=(277,95,402,178)
  113. score=0.4537  bbox=(371,58,496,141)
  114. score=0.4532  bbox=(223,0,536,208)
  115. score=0.4532  bbox=(334,7,553,152)
  116. score=0.4526  bbox=(427,89,583,193)
  117. score=0.4525  bbox=(362,0,550,125)
  118. score=0.4519  bbox=(314,54,502,179)
  119. score=0.4512  bbox=(300,26,550,192)
  120. score=0.4508  bbox=(404,84,592,209)
  121. score=0.4505  bbox=(189,21,439,187)
  122. score=0.4499  bbox=(471,56,627,160)
  123. score=0.4497  bbox=(356,21,544,146)
  124. score=0.4492  bbox=(453,118,578,201)
  125. score=0.4482  bbox=(374,6,624,172)
  126. score=0.4478  bbox=(315,92,440,175)
  127. score=0.4475  bbox=(439,82,627,207)
  128. score=0.4474  bbox=(78,26,328,192)
  129. score=0.4474  bbox=(242,58,430,183)
  130. score=0.4474  bbox=(46,31,202,135)
  131. score=0.4470  bbox=(48,25,267,170)
  132. score=0.4464  bbox=(155,53,374,198)
  133. score=0.4464  bbox=(210,90,366,194)
  134. score=0.4463  bbox=(187,0,500,208)
  135. score=0.4454  bbox=(429,109,585,213)
  136. score=0.4445  bbox=(275,26,400,109)
  137. score=0.4439  bbox=(347,61,503,165)
  138. score=0.4439  bbox=(327,4,577,170)
  139. score=0.4436  bbox=(120,0,433,208)
  140. score=0.4435  bbox=(368,58,556,183)
  141. score=0.4432  bbox=(93,57,218,140)
  142. score=0.4431  bbox=(250,81,406,185)
  143. score=0.4430  bbox=(361,94,486,177)
  144. score=0.4428  bbox=(256,0,569,208)
  145. score=0.4427  bbox=(365,0,584,145)
  146. score=0.4427  bbox=(46,30,234,155)
  147. score=0.4425  bbox=(275,0,400,83)
  148. score=0.4420  bbox=(241,49,460,194)
  149. score=0.4417  bbox=(46,0,359,208)
  150. score=0.4414  bbox=(295,56,514,201)
  151. score=0.4413  bbox=(319,54,538,199)
  152. score=0.4413  bbox=(322,59,447,142)
  153. score=0.4411  bbox=(408,79,627,224)
  154. score=0.4387  bbox=(293,85,449,189)
  155. score=0.4368  bbox=(325,273,450,356)
  156. score=0.4367  bbox=(347,29,503,133)
  157. score=0.4367  bbox=(366,28,616,194)
  158. score=0.4367  bbox=(471,81,627,185)
  159. score=0.4363  bbox=(390,112,546,216)
  160. score=0.4360  bbox=(462,93,587,176)
  161. score=0.4358  bbox=(42,21,292,187)
  162. score=0.4358  bbox=(348,83,504,187)
  163. score=0.4357  bbox=(335,17,585,183)
  164. score=0.4354  bbox=(499,64,624,147)
  165. score=0.4340  bbox=(359,23,578,168)
  166. score=0.4339  bbox=(357,74,545,199)
  167. score=0.4334  bbox=(377,46,627,212)
  168. score=0.4333  bbox=(375,56,594,201)
  169. score=0.4333  bbox=(305,8,618,216)
  170. score=0.4330  bbox=(51,56,176,139)
  171. score=0.4326  bbox=(10,0,323,208)
  172. score=0.4322  bbox=(439,105,627,230)
  173. score=0.4322  bbox=(238,45,488,211)
  174. score=0.4316  bbox=(210,53,429,198)
  175. score=0.4309  bbox=(471,112,627,216)
  176. score=0.4304  bbox=(9,24,197,149)
  177. score=0.4296  bbox=(306,0,462,104)
  178. score=0.4296  bbox=(4,0,129,83)
  179. score=0.4263  bbox=(282,77,470,202)
  180. score=0.4261  bbox=(346,0,502,104)
  181. score=0.4261  bbox=(502,119,627,202)
  182. score=0.4254  bbox=(451,153,576,236)
  183. score=0.4252  bbox=(313,82,501,207)
  184. score=0.4246  bbox=(93,7,406,215)
  185. score=0.4234  bbox=(407,303,532,386)
  186. score=0.4220  bbox=(360,34,485,117)
  187. score=0.4218  bbox=(182,91,307,174)
  188. score=0.4216  bbox=(110,51,360,217)
  189. score=0.4213  bbox=(502,89,627,172)
  190. score=0.4211  bbox=(0,30,125,113)
  191. score=0.4211  bbox=(345,43,595,209)
  192. score=0.4209  bbox=(309,55,559,221)
  193. score=0.4199  bbox=(0,30,156,134)
  194. score=0.4195  bbox=(253,54,503,220)
  195. score=0.4190  bbox=(394,106,582,231)
  196. score=0.4189  bbox=(0,21,219,166)
  197. score=0.4189  bbox=(152,75,340,200)
  198. score=0.4186  bbox=(236,30,549,238)
  199. score=0.4183  bbox=(360,3,485,86)
  200. score=0.4180  bbox=(305,26,618,234)
  201. score=0.4174  bbox=(76,50,295,195)
  202. score=0.4172  bbox=(404,148,529,231)
  203. score=0.4160  bbox=(81,60,237,164)
  204. score=0.4159  bbox=(278,273,403,356)
  205. score=0.4149  bbox=(175,84,331,188)
  206. score=0.4136  bbox=(370,273,495,356)
  207. score=0.4123  bbox=(79,50,329,216)
  208. score=0.4120  bbox=(316,299,441,382)
  209. score=0.4109  bbox=(0,25,250,191)
  210. score=0.4107  bbox=(35,56,191,160)
  211. score=0.4105  bbox=(325,85,544,230)
  212. score=0.4101  bbox=(40,48,228,173)
  213. score=0.4100  bbox=(340,283,496,387)
  214. score=0.4093  bbox=(367,119,492,202)
  215. score=0.4089  bbox=(192,32,505,240)
  216. score=0.4084  bbox=(208,79,396,204)
  217. score=0.4083  bbox=(235,80,423,205)
  218. score=0.4083  bbox=(323,34,448,117)
  219. score=0.4062  bbox=(500,154,625,237)
  220. score=0.4057  bbox=(281,80,500,225)
  221. score=0.4051  bbox=(274,39,587,247)
